datetime,datetime_raw,station,pm10_grade,pm10,pm25_grade,pm25,o3_grade,o3,no2_grade,no2,co_grade,co,so2_grade,so2
2026-04-01 00:00:00,2026-03-31:24,평리동,좋음,28.0,보통,16.0,보통,0.0485,좋음,0.0121,좋음,0.33,좋음,0.0014
2026-04-01 01:00:00,2026-04-01:01,평리동,보통,35.0,보통,22.0,보통,0.0519,좋음,0.0106,좋음,0.4,좋음,0.0016
2026-04-01 02:00:00,2026-04-01:02,평리동,좋음,29.0,보통,18.0,보통,0.0503,좋음,0.0102,좋음,0.39,좋음,0.0016
2026-04-01 03:00:00,2026-04-01:03,평리동,좋음,30.0,보통,23.0,보통,0.047,좋음,0.0107,좋음,0.45,좋음,0.0016
2026-04-01 04:00:00,2026-04-01:04,평리동,보통,33.0,보통,17.0,보통,0.0474,좋음,0.0107,좋음,0.42,좋음,0.0016
2026-04-01 05:00:00,2026-04-01:05,평리동,보통,34.0,보통,22.0,보통,0.0437,좋음,0.0124,좋음,0.46,좋음,0.0017
2026-04-01 06:00:00,2026-04-01:06,평리동,보통,39.0,보통,19.0,보통,0.0378,좋음,0.0158,좋음,0.49,좋음,0.0017
2026-04-01 07:00:00,2026-04-01:07,평리동,보통,35.0,보통,20.0,보통,0.0362,좋음,0.017,좋음,0.46,좋음,0.0017
2026-04-01 08:00:00,2026-04-01:08,평리동,보통,45.0,보통,18.0,보통,0.0313,좋음,0.0232,좋음,0.47,좋음,0.0017
2026-04-01 09:00:00,2026-04-01:09,평리동,보통,44.0,보통,20.0,보통,0.0337,좋음,0.0223,좋음,0.48,좋음,0.0018
2026-04-01 10:00:00,2026-04-01:10,평리동,보통,42.0,보통,22.0,보통,0.0368,좋음,0.019,좋음,0.49,좋음,0.0021
2026-04-01 11:00:00,2026-04-01:11,평리동,보통,36.0,보통,23.0,보통,0.044,좋음,0.0153,좋음,0.47,좋음,0.002
2026-04-01 12:00:00,2026-04-01:12,평리동,보통,41.0,보통,25.0,보통,0.0466,좋음,0.0144,좋음,0.47,좋음,0.0018
2026-04-01 13:00:00,2026-04-01:13,평리동,보통,40.0,보통,25.0,보통,0.0466,좋음,0.0142,좋음,0.47,좋음,0.0024
2026-04-01 14:00:00,2026-04-01:14,평리동,보통,45.0,보통,24.0,보통,0.0436,좋음,0.017,좋음,0.45,좋음,0.0024
2026-04-01 15:00:00,2026-04-01:15,평리동,보통,41.0,보통,28.0,보통,0.0414,좋음,0.0198,좋음,0.5,좋음,0.0033
2026-04-01 16:00:00,2026-04-01:16,평리동,보통,46.0,보통,25.0,보통,0.041,좋음,0.0185,좋음,0.47,좋음,0.003
2026-04-01 17:00:00,2026-04-01:17,평리동,보통,40.0,보통,21.0,보통,0.0403,좋음,0.0172,좋음,0.43,좋음,0.0018
2026-04-01 18:00:00,2026-04-01:18,평리동,보통,39.0,보통,25.0,보통,0.0408,좋음,0.0177,좋음,0.42,좋음,0.0019
2026-04-01 19:00:00,2026-04-01:19,평리동,보통,42.0,보통,22.0,보통,0.037,좋음,0.0203,좋음,0.42,좋음,0.0018
2026-04-01 20:00:00,2026-04-01:20,평리동,좋음,30.0,보통,19.0,보통,0.0376,좋음,0.0178,좋음,0.41,좋음,0.0018
2026-04-01 21:00:00,2026-04-01:21,평리동,좋음,23.0,보통,19.0,보통,0.0415,좋음,0.017,좋음,0.38,좋음,0.0015
2026-04-01 22:00:00,2026-04-01:22,평리동,좋음,23.0,보통,19.0,보통,0.0386,좋음,0.017,좋음,0.37,좋음,0.0015
2026-04-01 23:00:00,2026-04-01:23,평리동,좋음,27.0,보통,18.0,보통,0.0327,좋음,0.0193,좋음,0.4,좋음,0.0015
2026-04-02 00:00:00,2026-04-01:24,평리동,좋음,30.0,보통,27.0,보통,0.0348,좋음,0.0173,좋음,0.38,좋음,0.0015
2026-04-02 01:00:00,2026-04-02:01,평리동,좋음,23.0,보통,25.0,보통,0.0319,좋음,0.0174,좋음,0.39,좋음,0.0016
2026-04-02 02:00:00,2026-04-02:02,평리동,보통,34.0,보통,29.0,좋음,0.0296,좋음,0.017,좋음,0.36,좋음,0.0018
2026-04-02 03:00:00,2026-04-02:03,평리동,보통,33.0,좋음,14.0,보통,0.0349,좋음,0.0139,좋음,0.3,좋음,0.0021
2026-04-02 04:00:00,2026-04-02:04,평리동,좋음,29.0,보통,17.0,보통,0.036,좋음,0.014,좋음,0.29,좋음,0.0018
2026-04-02 05:00:00,2026-04-02:05,평리동,보통,33.0,보통,16.0,좋음,0.0211,좋음,0.0246,좋음,0.32,좋음,0.0017
2026-04-02 06:00:00,2026-04-02:06,평리동,보통,31.0,보통,17.0,좋음,0.0044,보통,0.0389,좋음,0.38,좋음,0.0017
2026-04-02 07:00:00,2026-04-02:07,평리동,보통,40.0,보통,20.0,좋음,0.0033,보통,0.0406,좋음,0.45,좋음,0.0018
2026-04-02 08:00:00,2026-04-02:08,평리동,보통,48.0,보통,24.0,좋음,0.0057,보통,0.0412,좋음,0.48,좋음,0.002
2026-04-02 09:00:00,2026-04-02:09,평리동,보통,52.0,보통,22.0,좋음,0.017,보통,0.0352,좋음,0.45,좋음,0.0026
2026-04-02 10:00:00,2026-04-02:10,평리동,보통,38.0,보통,18.0,보통,0.0401,좋음,0.0222,좋음,0.39,좋음,0.0038
2026-04-02 11:00:00,2026-04-02:11,평리동,좋음,30.0,보통,18.0,보통,0.045,좋음,0.0187,좋음,0.4,좋음,0.0047
2026-04-02 12:00:00,2026-04-02:12,평리동,보통,36.0,보통,23.0,보통,0.0526,좋음,0.0156,좋음,0.37,좋음,0.0034
2026-04-02 13:00:00,2026-04-02:13,평리동,보통,33.0,보통,18.0,보통,0.0543,좋음,0.013,좋음,0.37,좋음,0.0032
2026-04-02 14:00:00,2026-04-02:14,평리동,좋음,23.0,좋음,13.0,보통,0.0524,좋음,0.0126,좋음,0.31,좋음,0.0019
2026-04-02 15:00:00,2026-04-02:15,평리동,좋음,30.0,좋음,9.0,보통,0.051,좋음,0.0121,좋음,0.3,좋음,0.0025
2026-04-02 16:00:00,2026-04-02:16,평리동,좋음,23.0,좋음,10.0,보통,0.0505,좋음,0.0125,좋음,0.3,좋음,0.0023
2026-04-02 17:00:00,2026-04-02:17,평리동,좋음,19.0,좋음,10.0,보통,0.0494,좋음,0.0115,좋음,0.27,좋음,0.002
2026-04-02 18:00:00,2026-04-02:18,평리동,좋음,23.0,좋음,15.0,보통,0.049,좋음,0.0121,좋음,0.27,좋음,0.0017
2026-04-02 19:00:00,2026-04-02:19,평리동,보통,31.0,보통,18.0,보통,0.0475,좋음,0.0157,좋음,0.31,좋음,0.0018
2026-04-02 20:00:00,2026-04-02:20,평리동,보통,34.0,보통,23.0,보통,0.0423,좋음,0.0208,좋음,0.33,좋음,0.0018
2026-04-02 21:00:00,2026-04-02:21,평리동,보통,38.0,보통,22.0,보통,0.0391,좋음,0.022,좋음,0.34,좋음,0.0017
2026-04-02 22:00:00,2026-04-02:22,평리동,보통,39.0,보통,23.0,보통,0.0316,좋음,0.0259,좋음,0.35,좋음,0.0017
2026-04-02 23:00:00,2026-04-02:23,평리동,보통,41.0,보통,26.0,좋음,0.0223,보통,0.0329,좋음,0.37,좋음,0.0018
2026-04-03 00:00:00,2026-04-02:24,평리동,보통,47.0,보통,30.0,좋음,0.0147,보통,0.0388,좋음,0.45,좋음,0.0019
2026-04-03 01:00:00,2026-04-03:01,평리동,보통,46.0,보통,25.0,좋음,0.0126,보통,0.0386,좋음,0.45,좋음,0.0018
2026-04-03 02:00:00,2026-04-03:02,평리동,보통,41.0,보통,28.0,좋음,0.0133,보통,0.0341,좋음,0.38,좋음,0.0016
2026-04-03 03:00:00,2026-04-03:03,평리동,보통,40.0,보통,24.0,좋음,0.0148,좋음,0.0293,좋음,0.37,좋음,0.0016
2026-04-03 04:00:00,2026-04-03:04,평리동,보통,41.0,보통,25.0,좋음,0.0131,좋음,0.0289,좋음,0.35,좋음,0.0017
2026-04-03 05:00:00,2026-04-03:05,평리동,보통,42.0,보통,24.0,좋음,0.0076,보통,0.0334,좋음,0.35,좋음,0.0018
2026-04-03 06:00:00,2026-04-03:06,평리동,보통,46.0,보통,21.0,좋음,0.0035,보통,0.0393,좋음,0.4,좋음,0.002
2026-04-03 07:00:00,2026-04-03:07,평리동,보통,48.0,보통,27.0,좋음,0.0034,보통,0.0407,좋음,0.44,좋음,0.0021
2026-04-03 08:00:00,2026-04-03:08,평리동,보통,45.0,보통,22.0,좋음,0.0068,보통,0.0389,좋음,0.45,좋음,0.0023
2026-04-03 09:00:00,2026-04-03:09,평리동,보통,62.0,보통,33.0,좋음,0.007,보통,0.0427,좋음,0.53,좋음,0.0034
2026-04-03 10:00:00,2026-04-03:10,평리동,보통,73.0,나쁨,40.0,좋음,0.0147,보통,0.041,좋음,0.52,좋음,0.0038
2026-04-03 11:00:00,2026-04-03:11,평리동,,,,,,,,,,,,
2026-04-03 12:00:00,2026-04-03:12,평리동,,,,,,,,,,,,
2026-04-03 13:00:00,2026-04-03:13,평리동,보통,47.0,보통,24.0,보통,0.059,좋음,0.0215,좋음,0.39,좋음,0.002
2026-04-03 14:00:00,2026-04-03:14,평리동,보통,46.0,보통,28.0,보통,0.0684,좋음,0.0178,좋음,0.39,좋음,0.0022
2026-04-03 15:00:00,2026-04-03:15,평리동,보통,50.0,보통,22.0,보통,0.0598,좋음,0.017,좋음,0.36,좋음,0.002
2026-04-03 16:00:00,2026-04-03:16,평리동,보통,53.0,보통,25.0,보통,0.0633,좋음,0.0151,좋음,0.34,좋음,0.0018
2026-04-03 17:00:00,2026-04-03:17,평리동,보통,47.0,보통,26.0,보통,0.06,좋음,0.0156,좋음,0.34,좋음,0.0018
2026-04-03 18:00:00,2026-04-03:18,평리동,보통,34.0,좋음,15.0,보통,0.0563,좋음,0.0134,좋음,0.29,좋음,0.0017
2026-04-03 19:00:00,2026-04-03:19,평리동,보통,45.0,보통,19.0,보통,0.058,좋음,0.0161,좋음,0.33,좋음,0.0018
2026-04-03 20:00:00,2026-04-03:20,평리동,보통,38.0,보통,21.0,보통,0.0558,좋음,0.0151,좋음,0.35,좋음,0.0019
2026-04-03 21:00:00,2026-04-03:21,평리동,보통,39.0,보통,26.0,보통,0.0584,좋음,0.0143,좋음,0.36,좋음,0.0018
2026-04-03 22:00:00,2026-04-03:22,평리동,보통,57.0,나쁨,37.0,보통,0.0629,좋음,0.0143,좋음,0.37,좋음,0.0019
2026-04-03 23:00:00,2026-04-03:23,평리동,보통,55.0,나쁨,45.0,보통,0.0654,좋음,0.0131,좋음,0.4,좋음,0.0019
2026-04-04 00:00:00,2026-04-03:24,평리동,보통,40.0,보통,25.0,보통,0.0623,좋음,0.0106,좋음,0.34,좋음,0.0017
2026-04-04 01:00:00,2026-04-04:01,평리동,보통,46.0,나쁨,37.0,보통,0.0649,좋음,0.0103,좋음,0.37,좋음,0.0014
2026-04-04 02:00:00,2026-04-04:02,평리동,보통,40.0,나쁨,39.0,보통,0.0563,좋음,0.0118,좋음,0.39,좋음,0.0015
2026-04-04 03:00:00,2026-04-04:03,평리동,좋음,27.0,보통,27.0,보통,0.0523,좋음,0.011,좋음,0.34,좋음,0.0015
2026-04-04 04:00:00,2026-04-04:04,평리동,좋음,22.0,보통,17.0,보통,0.0513,좋음,0.0097,좋음,0.3,좋음,0.0015
2026-04-04 05:00:00,2026-04-04:05,평리동,좋음,24.0,보통,20.0,보통,0.0483,좋음,0.0104,좋음,0.32,좋음,0.0015
2026-04-04 06:00:00,2026-04-04:06,평리동,좋음,22.0,보통,20.0,보통,0.0452,좋음,0.0125,좋음,0.33,좋음,0.0014
2026-04-04 07:00:00,2026-04-04:07,평리동,좋음,19.0,좋음,13.0,보통,0.0413,좋음,0.0145,좋음,0.34,좋음,0.0016
2026-04-04 08:00:00,2026-04-04:08,평리동,좋음,9.0,좋음,10.0,보통,0.0365,좋음,0.0173,좋음,0.35,좋음,0.0016
2026-04-04 09:00:00,2026-04-04:09,평리동,좋음,11.0,좋음,5.0,보통,0.0329,좋음,0.0202,좋음,0.45,좋음,0.0016
2026-04-04 10:00:00,2026-04-04:10,평리동,좋음,14.0,좋음,2.0,좋음,0.0293,좋음,0.0234,좋음,0.4,좋음,0.0016
2026-04-04 11:00:00,2026-04-04:11,평리동,좋음,11.0,좋음,1.0,좋음,0.0291,좋음,0.0231,좋음,0.4,좋음,0.0017
2026-04-04 12:00:00,2026-04-04:12,평리동,좋음,9.0,좋음,1.0,보통,0.0328,좋음,0.0207,좋음,0.39,좋음,0.0018
2026-04-04 13:00:00,2026-04-04:13,평리동,좋음,8.0,좋음,4.0,보통,0.036,좋음,0.0176,좋음,0.39,좋음,0.0021
2026-04-04 14:00:00,2026-04-04:14,평리동,좋음,13.0,좋음,4.0,보통,0.0402,좋음,0.0143,좋음,0.37,좋음,0.0027
2026-04-04 15:00:00,2026-04-04:15,평리동,좋음,17.0,좋음,4.0,보통,0.0421,좋음,0.0136,좋음,0.38,좋음,0.0031
2026-04-04 16:00:00,2026-04-04:16,평리동,좋음,9.0,좋음,4.0,보통,0.0435,좋음,0.0122,좋음,0.34,좋음,0.0026
2026-04-04 17:00:00,2026-04-04:17,평리동,좋음,11.0,좋음,4.0,보통,0.0427,좋음,0.0116,좋음,0.34,좋음,0.0024
2026-04-04 18:00:00,2026-04-04:18,평리동,좋음,13.0,좋음,4.0,보통,0.0408,좋음,0.0139,좋음,0.32,좋음,0.0019
2026-04-04 19:00:00,2026-04-04:19,평리동,좋음,17.0,좋음,3.0,보통,0.0425,좋음,0.0126,좋음,0.3,좋음,0.0017
2026-04-04 20:00:00,2026-04-04:20,평리동,좋음,18.0,좋음,11.0,보통,0.0392,좋음,0.0142,좋음,0.3,좋음,0.0016
2026-04-04 21:00:00,2026-04-04:21,평리동,좋음,16.0,좋음,9.0,보통,0.0341,좋음,0.0168,좋음,0.34,좋음,0.0017
2026-04-04 22:00:00,2026-04-04:22,평리동,좋음,22.0,좋음,11.0,좋음,0.0297,좋음,0.019,좋음,0.38,좋음,0.0017
2026-04-04 23:00:00,2026-04-04:23,평리동,좋음,23.0,좋음,12.0,좋음,0.0265,좋음,0.017,좋음,0.37,좋음,0.0017
2026-04-05 00:00:00,2026-04-04:24,평리동,좋음,23.0,보통,16.0,보통,0.0321,좋음,0.0131,좋음,0.35,좋음,0.0017
2026-04-05 01:00:00,2026-04-05:01,평리동,좋음,28.0,좋음,12.0,좋음,0.0227,좋음,0.0173,좋음,0.36,좋음,0.0017
2026-04-05 02:00:00,2026-04-05:02,평리동,좋음,25.0,좋음,15.0,좋음,0.0243,좋음,0.0141,좋음,0.34,좋음,0.0016
2026-04-05 03:00:00,2026-04-05:03,평리동,보통,33.0,보통,16.0,보통,0.0415,좋음,0.0091,좋음,0.3,좋음,0.0015
2026-04-05 04:00:00,2026-04-05:04,평리동,좋음,27.0,좋음,11.0,보통,0.043,좋음,0.0081,좋음,0.3,좋음,0.0015
2026-04-05 05:00:00,2026-04-05:05,평리동,좋음,25.0,좋음,12.0,보통,0.041,좋음,0.0085,좋음,0.33,좋음,0.0014
2026-04-05 06:00:00,2026-04-05:06,평리동,좋음,27.0,좋음,11.0,보통,0.04,좋음,0.0098,좋음,0.35,좋음,0.0015
2026-04-05 07:00:00,2026-04-05:07,평리동,좋음,27.0,좋음,12.0,보통,0.0351,좋음,0.0155,좋음,0.36,좋음,0.0015
2026-04-05 08:00:00,2026-04-05:08,평리동,보통,31.0,좋음,13.0,보통,0.0388,좋음,0.0138,좋음,0.38,좋음,0.0017
2026-04-05 09:00:00,2026-04-05:09,평리동,좋음,30.0,좋음,14.0,보통,0.0394,좋음,0.0133,좋음,0.39,좋음,0.0018
2026-04-05 10:00:00,2026-04-05:10,평리동,좋음,30.0,좋음,13.0,보통,0.041,좋음,0.0123,좋음,0.38,좋음,0.002
2026-04-05 11:00:00,2026-04-05:11,평리동,좋음,27.0,좋음,13.0,보통,0.0452,좋음,0.0104,좋음,0.36,좋음,0.0019
2026-04-05 12:00:00,2026-04-05:12,평리동,보통,35.0,좋음,14.0,보통,0.0463,좋음,0.0111,좋음,0.36,좋음,0.0018
2026-04-05 13:00:00,2026-04-05:13,평리동,좋음,27.0,좋음,13.0,보통,0.05,좋음,0.0094,좋음,0.33,좋음,0.0018
2026-04-05 14:00:00,2026-04-05:14,평리동,좋음,24.0,좋음,9.0,보통,0.05,좋음,0.0085,좋음,0.29,좋음,0.0016
2026-04-05 15:00:00,2026-04-05:15,평리동,좋음,23.0,좋음,6.0,보통,0.0493,좋음,0.0084,좋음,0.28,좋음,0.0015
2026-04-05 16:00:00,2026-04-05:16,평리동,좋음,20.0,좋음,6.0,보통,0.0482,좋음,0.0083,좋음,0.28,좋음,0.0015
2026-04-05 17:00:00,2026-04-05:17,평리동,좋음,23.0,좋음,14.0,보통,0.0458,좋음,0.0102,좋음,0.29,좋음,0.0019
2026-04-05 18:00:00,2026-04-05:18,평리동,좋음,25.0,좋음,10.0,보통,0.0445,좋음,0.0108,좋음,0.3,좋음,0.0019
2026-04-05 19:00:00,2026-04-05:19,평리동,좋음,25.0,좋음,7.0,보통,0.0424,좋음,0.011,좋음,0.32,좋음,0.0019
2026-04-05 20:00:00,2026-04-05:20,평리동,보통,31.0,좋음,10.0,좋음,0.0292,좋음,0.0197,좋음,0.38,좋음,0.0018
2026-04-05 21:00:00,2026-04-05:21,평리동,보통,38.0,보통,22.0,보통,0.0529,좋음,0.0172,좋음,0.64,좋음,0.0035
2026-04-05 22:00:00,2026-04-05:22,평리동,보통,31.0,보통,16.0,보통,0.0535,좋음,0.0123,좋음,0.61,좋음,0.0036
2026-04-05 23:00:00,2026-04-05:23,평리동,보통,33.0,좋음,14.0,보통,0.0421,좋음,0.0149,좋음,0.58,좋음,0.0029
2026-04-06 00:00:00,2026-04-05:24,평리동,보통,36.0,보통,19.0,좋음,0.0277,좋음,0.0201,좋음,0.56,좋음,0.0024
2026-04-06 01:00:00,2026-04-06:01,평리동,보통,35.0,보통,16.0,좋음,0.0257,좋음,0.0201,좋음,0.55,좋음,0.0021
2026-04-06 02:00:00,2026-04-06:02,평리동,보통,34.0,보통,20.0,좋음,0.0218,좋음,0.021,좋음,0.56,좋음,0.0019
2026-04-06 03:00:00,2026-04-06:03,평리동,보통,34.0,보통,19.0,좋음,0.0217,좋음,0.0202,좋음,0.58,좋음,0.0021
2026-04-06 04:00:00,2026-04-06:04,평리동,좋음,29.0,보통,19.0,좋음,0.0202,좋음,0.0196,좋음,0.56,좋음,0.0018
2026-04-06 05:00:00,2026-04-06:05,평리동,보통,39.0,보통,17.0,좋음,0.0169,좋음,0.0207,좋음,0.55,좋음,0.0018
2026-04-06 06:00:00,2026-04-06:06,평리동,보통,34.0,보통,18.0,좋음,0.0099,좋음,0.0277,좋음,0.59,좋음,0.0018
2026-04-06 07:00:00,2026-04-06:07,평리동,보통,45.0,보통,22.0,좋음,0.0053,보통,0.0334,좋음,0.61,좋음,0.0021
2026-04-06 08:00:00,2026-04-06:08,평리동,보통,56.0,보통,26.0,좋음,0.004,보통,0.0382,좋음,0.69,좋음,0.0023
2026-04-06 09:00:00,2026-04-06:09,평리동,보통,45.0,보통,24.0,좋음,0.0051,보통,0.0399,좋음,0.69,좋음,0.0021
2026-04-06 10:00:00,2026-04-06:10,평리동,보통,36.0,보통,22.0,좋음,0.0182,좋음,0.0296,좋음,0.66,좋음,0.002
2026-04-06 11:00:00,2026-04-06:11,평리동,보통,40.0,보통,29.0,좋음,0.0249,좋음,0.0262,좋음,0.63,좋음,0.0023
2026-04-06 12:00:00,2026-04-06:12,평리동,보통,44.0,보통,34.0,좋음,0.0243,좋음,0.0243,좋음,0.57,좋음,0.002
2026-04-06 13:00:00,2026-04-06:13,평리동,보통,42.0,보통,35.0,좋음,0.0272,좋음,0.0237,좋음,0.56,좋음,0.0019
2026-04-06 14:00:00,2026-04-06:14,평리동,보통,40.0,보통,33.0,좋음,0.0251,좋음,0.0238,좋음,0.54,좋음,0.0017
2026-04-06 15:00:00,2026-04-06:15,평리동,보통,46.0,나쁨,39.0,좋음,0.0228,좋음,0.027,좋음,0.56,좋음,0.0018
2026-04-06 16:00:00,2026-04-06:16,평리동,보통,39.0,보통,28.0,좋음,0.0234,좋음,0.0258,좋음,0.48,좋음,0.0018
2026-04-06 17:00:00,2026-04-06:17,평리동,좋음,19.0,좋음,14.0,좋음,0.0244,좋음,0.0259,좋음,0.45,좋음,0.0019
2026-04-06 18:00:00,2026-04-06:18,평리동,좋음,24.0,좋음,13.0,좋음,0.025,좋음,0.0249,좋음,0.43,좋음,0.0019
2026-04-06 19:00:00,2026-04-06:19,평리동,좋음,24.0,좋음,10.0,좋음,0.0246,좋음,0.0242,좋음,0.46,좋음,0.002
2026-04-06 20:00:00,2026-04-06:20,평리동,좋음,30.0,좋음,14.0,좋음,0.0254,좋음,0.0219,좋음,0.41,좋음,0.0018
2026-04-06 21:00:00,2026-04-06:21,평리동,보통,38.0,보통,16.0,좋음,0.0212,좋음,0.0235,좋음,0.41,좋음,0.0017
2026-04-06 22:00:00,2026-04-06:22,평리동,보통,40.0,보통,22.0,좋음,0.0187,좋음,0.0246,좋음,0.41,좋음,0.0018
2026-04-06 23:00:00,2026-04-06:23,평리동,보통,44.0,보통,20.0,좋음,0.0284,좋음,0.0178,좋음,0.35,좋음,0.0018
2026-04-07 00:00:00,2026-04-06:24,평리동,보통,34.0,좋음,12.0,보통,0.0342,좋음,0.0143,좋음,0.28,좋음,0.002
2026-04-07 01:00:00,2026-04-07:01,평리동,좋음,29.0,보통,23.0,보통,0.033,좋음,0.0131,좋음,0.26,좋음,0.0019
2026-04-07 02:00:00,2026-04-07:02,평리동,좋음,27.0,좋음,5.0,좋음,0.0255,좋음,0.018,좋음,0.27,좋음,0.0017
2026-04-07 03:00:00,2026-04-07:03,평리동,좋음,22.0,좋음,1.0,보통,0.0327,좋음,0.0107,좋음,0.24,좋음,0.0019
2026-04-07 04:00:00,2026-04-07:04,평리동,좋음,20.0,좋음,1.0,좋음,0.0292,좋음,0.0127,좋음,0.27,좋음,0.002
2026-04-07 05:00:00,2026-04-07:05,평리동,좋음,18.0,좋음,3.0,좋음,0.0261,좋음,0.0164,좋음,0.26,좋음,0.0022
2026-04-07 06:00:00,2026-04-07:06,평리동,좋음,20.0,좋음,4.0,좋음,0.0184,좋음,0.0234,좋음,0.3,좋음,0.0019
2026-04-07 07:00:00,2026-04-07:07,평리동,좋음,29.0,좋음,6.0,좋음,0.0057,보통,0.0375,좋음,0.36,좋음,0.002
2026-04-07 08:00:00,2026-04-07:08,평리동,보통,40.0,좋음,9.0,좋음,0.0082,보통,0.0361,좋음,0.38,좋음,0.0024
2026-04-07 09:00:00,2026-04-07:09,평리동,좋음,24.0,좋음,7.0,좋음,0.026,좋음,0.0199,좋음,0.36,좋음,0.0038
2026-04-07 10:00:00,2026-04-07:10,평리동,좋음,29.0,좋음,5.0,보통,0.0337,좋음,0.0129,좋음,0.27,좋음,0.0017
2026-04-07 11:00:00,2026-04-07:11,평리동,좋음,29.0,좋음,6.0,보통,0.0367,좋음,0.0105,좋음,0.26,좋음,0.0019
2026-04-07 12:00:00,2026-04-07:12,평리동,좋음,23.0,좋음,7.0,보통,0.0388,좋음,0.0093,좋음,0.25,좋음,0.0019
2026-04-07 13:00:00,2026-04-07:13,평리동,좋음,24.0,좋음,5.0,보통,0.0405,좋음,0.0091,좋음,0.27,좋음,0.0026
2026-04-07 14:00:00,2026-04-07:14,평리동,좋음,20.0,좋음,5.0,보통,0.0423,좋음,0.0093,좋음,0.26,좋음,0.0024
2026-04-07 15:00:00,2026-04-07:15,평리동,좋음,14.0,좋음,6.0,보통,0.0436,좋음,0.0097,좋음,0.25,좋음,0.0019
2026-04-07 16:00:00,2026-04-07:16,평리동,좋음,25.0,좋음,8.0,보통,0.0444,좋음,0.0099,좋음,0.27,좋음,0.0024
2026-04-07 17:00:00,2026-04-07:17,평리동,좋음,20.0,좋음,8.0,보통,0.0451,좋음,0.0106,좋음,0.28,좋음,0.0026
2026-04-07 18:00:00,2026-04-07:18,평리동,좋음,23.0,좋음,5.0,보통,0.0447,좋음,0.0116,좋음,0.26,좋음,0.0023
2026-04-07 19:00:00,2026-04-07:19,평리동,좋음,25.0,좋음,6.0,보통,0.04,좋음,0.0138,좋음,0.27,좋음,0.0017
2026-04-07 20:00:00,2026-04-07:20,평리동,좋음,25.0,좋음,7.0,보통,0.0356,좋음,0.0165,좋음,0.3,좋음,0.0017
2026-04-07 21:00:00,2026-04-07:21,평리동,보통,33.0,좋음,10.0,좋음,0.0156,보통,0.036,좋음,0.38,좋음,0.0019
2026-04-07 22:00:00,2026-04-07:22,평리동,보통,33.0,좋음,13.0,좋음,0.0115,보통,0.0391,좋음,0.35,좋음,0.0018
2026-04-07 23:00:00,2026-04-07:23,평리동,좋음,28.0,좋음,11.0,좋음,0.0206,보통,0.0302,좋음,0.35,좋음,0.0018
2026-04-08 00:00:00,2026-04-07:24,평리동,보통,31.0,좋음,4.0,보통,0.0314,좋음,0.0198,좋음,0.32,좋음,0.002
2026-04-08 01:00:00,2026-04-08:01,평리동,좋음,28.0,나쁨,36.0,보통,0.0342,좋음,0.0145,좋음,0.31,좋음,0.0023
2026-04-08 02:00:00,2026-04-08:02,평리동,보통,31.0,좋음,8.0,보통,0.032,좋음,0.0154,좋음,0.3,좋음,0.0019
2026-04-08 03:00:00,2026-04-08:03,평리동,좋음,30.0,좋음,8.0,좋음,0.0294,좋음,0.0153,좋음,0.28,좋음,0.002
2026-04-08 04:00:00,2026-04-08:04,평리동,좋음,28.0,좋음,6.0,좋음,0.0236,좋음,0.0184,좋음,0.27,좋음,0.0018
2026-04-08 05:00:00,2026-04-08:05,평리동,좋음,29.0,좋음,6.0,좋음,0.0211,좋음,0.0225,좋음,0.28,좋음,0.0018
2026-04-08 06:00:00,2026-04-08:06,평리동,보통,35.0,좋음,14.0,좋음,0.0082,보통,0.0321,좋음,0.3,좋음,0.0016
2026-04-08 07:00:00,2026-04-08:07,평리동,보통,47.0,좋음,11.0,좋음,0.0039,보통,0.037,좋음,0.35,좋음,0.0019
2026-04-08 08:00:00,2026-04-08:08,평리동,보통,51.0,보통,17.0,좋음,0.0065,보통,0.0381,좋음,0.41,좋음,0.0023
2026-04-08 09:00:00,2026-04-08:09,평리동,보통,44.0,보통,19.0,좋음,0.0175,좋음,0.0289,좋음,0.38,좋음,0.0022
2026-04-08 10:00:00,2026-04-08:10,평리동,보통,42.0,보통,21.0,좋음,0.024,좋음,0.0259,좋음,0.41,좋음,0.0031
2026-04-08 11:00:00,2026-04-08:11,평리동,보통,35.0,보통,19.0,보통,0.031,좋음,0.0229,좋음,0.44,좋음,0.0045
2026-04-08 12:00:00,2026-04-08:12,평리동,보통,38.0,보통,19.0,보통,0.0365,좋음,0.0201,좋음,0.38,좋음,0.0029
2026-04-08 13:00:00,2026-04-08:13,평리동,좋음,30.0,좋음,12.0,보통,0.0477,좋음,0.0127,좋음,0.3,좋음,0.0019
2026-04-08 14:00:00,2026-04-08:14,평리동,좋음,23.0,좋음,15.0,보통,0.0484,좋음,0.0101,좋음,0.28,좋음,0.0018
2026-04-08 15:00:00,2026-04-08:15,평리동,좋음,22.0,좋음,10.0,보통,0.0498,좋음,0.0102,좋음,0.26,좋음,0.0017
2026-04-08 16:00:00,2026-04-08:16,평리동,좋음,25.0,좋음,8.0,보통,0.0508,좋음,0.0109,좋음,0.27,좋음,0.0017
2026-04-08 17:00:00,2026-04-08:17,평리동,좋음,18.0,좋음,10.0,보통,0.0509,좋음,0.0111,좋음,0.28,좋음,0.0018
2026-04-08 18:00:00,2026-04-08:18,평리동,좋음,23.0,좋음,9.0,보통,0.0504,좋음,0.0113,좋음,0.28,좋음,0.0017
2026-04-08 19:00:00,2026-04-08:19,평리동,좋음,25.0,좋음,15.0,보통,0.045,좋음,0.0171,좋음,0.32,좋음,0.0018
2026-04-08 20:00:00,2026-04-08:20,평리동,좋음,29.0,좋음,14.0,보통,0.0492,좋음,0.0149,좋음,0.31,좋음,0.0018
2026-04-08 21:00:00,2026-04-08:21,평리동,좋음,24.0,좋음,15.0,보통,0.0535,좋음,0.0118,좋음,0.31,좋음,0.0022
2026-04-08 22:00:00,2026-04-08:22,평리동,좋음,27.0,좋음,13.0,보통,0.0526,좋음,0.0128,좋음,0.31,좋음,0.0022
2026-04-08 23:00:00,2026-04-08:23,평리동,보통,33.0,좋음,14.0,보통,0.049,좋음,0.0145,좋음,0.33,좋음,0.0022
2026-04-09 00:00:00,2026-04-08:24,평리동,좋음,28.0,좋음,15.0,보통,0.048,좋음,0.0133,좋음,0.31,좋음,0.0022
2026-04-09 01:00:00,2026-04-09:01,평리동,좋음,27.0,,,보통,0.041,좋음,0.0168,좋음,0.31,좋음,0.0021
2026-04-09 02:00:00,2026-04-09:02,평리동,좋음,23.0,좋음,10.0,보통,0.0446,좋음,0.0126,좋음,0.39,좋음,0.0032
2026-04-09 03:00:00,2026-04-09:03,평리동,좋음,30.0,보통,22.0,보통,0.0386,좋음,0.0153,좋음,0.41,좋음,0.0034
2026-04-09 04:00:00,2026-04-09:04,평리동,좋음,27.0,좋음,13.0,보통,0.0321,좋음,0.0179,좋음,0.39,좋음,0.0026
2026-04-09 05:00:00,2026-04-09:05,평리동,보통,33.0,좋음,15.0,좋음,0.0219,좋음,0.0245,좋음,0.39,좋음,0.0021
2026-04-09 06:00:00,2026-04-09:06,평리동,보통,39.0,보통,18.0,좋음,0.0151,보통,0.0331,좋음,0.44,좋음,0.0021
2026-04-09 07:00:00,2026-04-09:07,평리동,보통,40.0,보통,18.0,좋음,0.0148,보통,0.0348,좋음,0.46,좋음,0.0025
2026-04-09 08:00:00,2026-04-09:08,평리동,보통,44.0,보통,18.0,좋음,0.0189,보통,0.0333,좋음,0.56,좋음,0.0032
2026-04-09 09:00:00,2026-04-09:09,평리동,보통,52.0,보통,18.0,좋음,0.0065,보통,0.047,좋음,0.55,좋음,0.0028
2026-04-09 10:00:00,2026-04-09:10,평리동,보통,42.0,보통,21.0,좋음,0.0177,보통,0.0379,좋음,0.48,좋음,0.0025
2026-04-09 11:00:00,2026-04-09:11,평리동,보통,48.0,보통,20.0,좋음,0.0153,보통,0.0408,좋음,0.5,좋음,0.0027
2026-04-09 12:00:00,2026-04-09:12,평리동,보통,38.0,보통,20.0,좋음,0.0147,보통,0.0408,좋음,0.51,좋음,0.0023
2026-04-09 13:00:00,2026-04-09:13,평리동,보통,40.0,보통,24.0,좋음,0.0139,보통,0.0412,좋음,0.56,좋음,0.0021
2026-04-09 14:00:00,2026-04-09:14,평리동,보통,35.0,보통,24.0,좋음,0.0124,보통,0.0418,좋음,0.56,좋음,0.002
2026-04-09 15:00:00,2026-04-09:15,평리동,좋음,18.0,좋음,11.0,좋음,0.0231,좋음,0.029,좋음,0.42,좋음,0.0018
2026-04-09 16:00:00,2026-04-09:16,평리동,좋음,22.0,좋음,15.0,좋음,0.0119,보통,0.0397,좋음,0.49,좋음,0.0022
2026-04-09 17:00:00,2026-04-09:17,평리동,좋음,13.0,좋음,6.0,좋음,0.0207,보통,0.0315,좋음,0.46,좋음,0.0018
2026-04-09 18:00:00,2026-04-09:18,평리동,좋음,9.0,좋음,4.0,보통,0.0389,좋음,0.015,좋음,0.31,좋음,0.0019
2026-04-09 19:00:00,2026-04-09:19,평리동,좋음,16.0,좋음,10.0,좋음,0.0124,보통,0.0361,좋음,0.49,좋음,0.002
2026-04-09 20:00:00,2026-04-09:20,평리동,좋음,13.0,좋음,8.0,좋음,0.0208,좋음,0.0295,좋음,0.48,좋음,0.0017
2026-04-09 21:00:00,2026-04-09:21,평리동,좋음,13.0,좋음,9.0,좋음,0.02,좋음,0.0287,좋음,0.42,좋음,0.0018
2026-04-09 22:00:00,2026-04-09:22,평리동,좋음,18.0,좋음,10.0,좋음,0.0093,보통,0.0346,좋음,0.47,좋음,0.0018
2026-04-09 23:00:00,2026-04-09:23,평리동,좋음,17.0,좋음,11.0,좋음,0.0095,보통,0.0332,좋음,0.46,좋음,0.0018
2026-04-10 00:00:00,2026-04-09:24,평리동,좋음,19.0,좋음,8.0,좋음,0.009,보통,0.0335,좋음,0.49,좋음,0.0018
2026-04-10 01:00:00,2026-04-10:01,평리동,좋음,18.0,보통,17.0,좋음,0.0209,좋음,0.0221,좋음,0.45,좋음,0.0018
2026-04-10 02:00:00,2026-04-10:02,평리동,좋음,22.0,보통,19.0,좋음,0.03,좋음,0.0115,좋음,0.39,좋음,0.0019
2026-04-10 03:00:00,2026-04-10:03,평리동,좋음,27.0,보통,19.0,좋음,0.0239,좋음,0.0159,좋음,0.45,좋음,0.002
2026-04-10 04:00:00,2026-04-10:04,평리동,좋음,25.0,보통,18.0,좋음,0.0213,좋음,0.0185,좋음,0.5,좋음,0.0019
2026-04-10 05:00:00,2026-04-10:05,평리동,좋음,23.0,보통,21.0,보통,0.0354,좋음,0.0113,좋음,0.44,좋음,0.0019
2026-04-10 06:00:00,2026-04-10:06,평리동,좋음,17.0,좋음,13.0,보통,0.0308,좋음,0.0151,좋음,0.49,좋음,0.0019
2026-04-10 07:00:00,2026-04-10:07,평리동,좋음,20.0,좋음,11.0,좋음,0.0248,좋음,0.0203,좋음,0.53,좋음,0.0019
2026-04-10 08:00:00,2026-04-10:08,평리동,좋음,14.0,좋음,5.0,좋음,0.0275,좋음,0.0195,좋음,0.49,좋음,0.0019
2026-04-10 09:00:00,2026-04-10:09,평리동,좋음,25.0,좋음,10.0,보통,0.0323,좋음,0.0164,좋음,0.5,좋음,0.0018
2026-04-10 10:00:00,2026-04-10:10,평리동,좋음,29.0,좋음,12.0,좋음,0.0299,좋음,0.0175,좋음,0.47,좋음,0.0019
2026-04-10 11:00:00,2026-04-10:11,평리동,보통,33.0,보통,17.0,보통,0.0304,좋음,0.0192,좋음,0.48,좋음,0.0021
2026-04-10 12:00:00,2026-04-10:12,평리동,좋음,20.0,좋음,11.0,보통,0.0367,좋음,0.0158,좋음,0.37,좋음,0.0019
2026-04-10 13:00:00,2026-04-10:13,평리동,,,,,,,,,,,,
2026-04-10 14:00:00,2026-04-10:14,평리동,,,,,,,,,,,,
2026-04-10 15:00:00,2026-04-10:15,평리동,좋음,18.0,좋음,3.0,보통,0.0456,좋음,0.0122,좋음,0.33,좋음,0.0019
2026-04-10 16:00:00,2026-04-10:16,평리동,좋음,28.0,좋음,4.0,보통,0.045,좋음,0.0123,좋음,0.3,좋음,0.0017
2026-04-10 17:00:00,2026-04-10:17,평리동,좋음,19.0,좋음,6.0,보통,0.0429,좋음,0.0125,좋음,0.3,좋음,0.0017
2026-04-10 18:00:00,2026-04-10:18,평리동,좋음,23.0,좋음,2.0,보통,0.0415,좋음,0.0132,좋음,0.31,좋음,0.0017
2026-04-10 19:00:00,2026-04-10:19,평리동,좋음,20.0,좋음,5.0,보통,0.04,좋음,0.0141,좋음,0.31,좋음,0.0017
2026-04-10 20:00:00,2026-04-10:20,평리동,좋음,18.0,좋음,8.0,보통,0.0368,좋음,0.0172,좋음,0.31,좋음,0.0017
2026-04-10 21:00:00,2026-04-10:21,평리동,좋음,18.0,좋음,4.0,보통,0.0392,좋음,0.0132,좋음,0.3,좋음,0.0016
2026-04-10 22:00:00,2026-04-10:22,평리동,좋음,22.0,좋음,3.0,보통,0.0389,좋음,0.0139,좋음,0.3,좋음,0.0016
2026-04-10 23:00:00,2026-04-10:23,평리동,좋음,22.0,좋음,8.0,보통,0.0452,좋음,0.0113,좋음,0.28,좋음,0.0015
2026-04-11 00:00:00,2026-04-10:24,평리동,좋음,20.0,좋음,9.0,보통,0.0457,좋음,0.0111,좋음,0.28,좋음,0.0015
2026-04-11 01:00:00,2026-04-11:01,평리동,좋음,22.0,좋음,12.0,보통,0.0485,좋음,0.0087,좋음,0.28,좋음,0.0016
2026-04-11 02:00:00,2026-04-11:02,평리동,좋음,18.0,좋음,15.0,보통,0.045,좋음,0.0103,좋음,0.29,좋음,0.0015
2026-04-11 03:00:00,2026-04-11:03,평리동,좋음,20.0,좋음,12.0,보통,0.0442,좋음,0.0099,좋음,0.3,좋음,0.0015
2026-04-11 04:00:00,2026-04-11:04,평리동,좋음,20.0,좋음,7.0,보통,0.0448,좋음,0.0079,좋음,0.3,좋음,0.0015
2026-04-11 05:00:00,2026-04-11:05,평리동,좋음,17.0,좋음,12.0,보통,0.0422,좋음,0.0097,좋음,0.32,좋음,0.0015
2026-04-11 06:00:00,2026-04-11:06,평리동,좋음,22.0,좋음,9.0,보통,0.0351,좋음,0.0168,좋음,0.38,좋음,0.0015
2026-04-11 07:00:00,2026-04-11:07,평리동,좋음,18.0,좋음,9.0,좋음,0.0264,좋음,0.0215,좋음,0.39,좋음,0.0015
2026-04-11 08:00:00,2026-04-11:08,평리동,좋음,22.0,좋음,12.0,좋음,0.0257,좋음,0.0236,좋음,0.4,좋음,0.0015
2026-04-11 09:00:00,2026-04-11:09,평리동,좋음,17.0,좋음,10.0,보통,0.0366,좋음,0.0151,좋음,0.39,좋음,0.0015
2026-04-11 10:00:00,2026-04-11:10,평리동,좋음,20.0,좋음,11.0,보통,0.0372,좋음,0.0157,좋음,0.39,좋음,0.0016
2026-04-11 11:00:00,2026-04-11:11,평리동,좋음,24.0,좋음,11.0,보통,0.0404,좋음,0.0142,좋음,0.39,좋음,0.0017
2026-04-11 12:00:00,2026-04-11:12,평리동,좋음,22.0,좋음,9.0,보통,0.0428,좋음,0.012,좋음,0.34,좋음,0.0019
2026-04-11 13:00:00,2026-04-11:13,평리동,좋음,23.0,좋음,13.0,보통,0.0463,좋음,0.0098,좋음,0.33,좋음,0.0018
2026-04-11 14:00:00,2026-04-11:14,평리동,좋음,28.0,좋음,10.0,보통,0.047,좋음,0.0105,좋음,0.34,좋음,0.002
2026-04-11 15:00:00,2026-04-11:15,평리동,좋음,29.0,좋음,9.0,보통,0.0516,좋음,0.011,좋음,0.33,좋음,0.0022
2026-04-11 16:00:00,2026-04-11:16,평리동,보통,42.0,보통,18.0,보통,0.0613,좋음,0.0104,좋음,0.33,좋음,0.002
2026-04-11 17:00:00,2026-04-11:17,평리동,보통,41.0,보통,23.0,보통,0.0627,좋음,0.0095,좋음,0.33,좋음,0.002
2026-04-11 18:00:00,2026-04-11:18,평리동,보통,36.0,보통,21.0,보통,0.0581,좋음,0.0106,좋음,0.33,좋음,0.0019
2026-04-11 19:00:00,2026-04-11:19,평리동,보통,39.0,보통,16.0,보통,0.0556,좋음,0.0109,좋음,0.32,좋음,0.0017
2026-04-11 20:00:00,2026-04-11:20,평리동,보통,34.0,보통,18.0,보통,0.0542,좋음,0.0103,좋음,0.3,좋음,0.0017
2026-04-11 21:00:00,2026-04-11:21,평리동,보통,46.0,보통,19.0,보통,0.0521,좋음,0.0109,좋음,0.32,좋음,0.0017
2026-04-11 22:00:00,2026-04-11:22,평리동,보통,41.0,보통,21.0,보통,0.0492,좋음,0.0127,좋음,0.35,좋음,0.0021
2026-04-11 23:00:00,2026-04-11:23,평리동,보통,46.0,보통,23.0,보통,0.0394,좋음,0.0179,좋음,0.37,좋음,0.0017
2026-04-12 00:00:00,2026-04-11:24,평리동,보통,45.0,보통,20.0,보통,0.0413,좋음,0.0153,좋음,0.36,좋음,0.0016
2026-04-12 01:00:00,2026-04-12:01,평리동,보통,44.0,보통,25.0,보통,0.0354,좋음,0.0165,좋음,0.38,좋음,0.0016
2026-04-12 02:00:00,2026-04-12:02,평리동,보통,36.0,보통,17.0,보통,0.0407,좋음,0.0129,좋음,0.36,좋음,0.0016
2026-04-12 03:00:00,2026-04-12:03,평리동,보통,38.0,보통,26.0,보통,0.0419,좋음,0.011,좋음,0.36,좋음,0.0015
2026-04-12 04:00:00,2026-04-12:04,평리동,보통,39.0,보통,24.0,보통,0.0424,좋음,0.0109,좋음,0.34,좋음,0.0015
2026-04-12 05:00:00,2026-04-12:05,평리동,보통,38.0,보통,27.0,보통,0.0343,좋음,0.0133,좋음,0.36,좋음,0.0015
2026-04-12 06:00:00,2026-04-12:06,평리동,보통,38.0,보통,28.0,보통,0.0318,좋음,0.0128,좋음,0.37,좋음,0.0014
2026-04-12 07:00:00,2026-04-12:07,평리동,보통,41.0,보통,24.0,좋음,0.0292,좋음,0.0145,좋음,0.37,좋음,0.0015
2026-04-12 08:00:00,2026-04-12:08,평리동,보통,36.0,보통,22.0,좋음,0.0269,좋음,0.0176,좋음,0.37,좋음,0.0016
2026-04-12 09:00:00,2026-04-12:09,평리동,보통,40.0,보통,21.0,보통,0.0372,좋음,0.0136,좋음,0.36,좋음,0.0018
2026-04-12 10:00:00,2026-04-12:10,평리동,보통,41.0,보통,17.0,보통,0.0425,좋음,0.0136,좋음,0.44,좋음,0.0025
2026-04-12 11:00:00,2026-04-12:11,평리동,보통,38.0,좋음,11.0,보통,0.0503,좋음,0.0114,좋음,0.45,좋음,0.0027
2026-04-12 12:00:00,2026-04-12:12,평리동,좋음,30.0,좋음,9.0,보통,0.0552,좋음,0.0091,좋음,0.39,좋음,0.0023
2026-04-12 13:00:00,2026-04-12:13,평리동,좋음,24.0,좋음,7.0,보통,0.0569,좋음,0.0095,좋음,0.35,좋음,0.0021
2026-04-12 14:00:00,2026-04-12:14,평리동,좋음,23.0,좋음,6.0,보통,0.0598,좋음,0.0079,좋음,0.31,좋음,0.002
2026-04-12 15:00:00,2026-04-12:15,평리동,좋음,23.0,좋음,6.0,보통,0.0594,좋음,0.0087,좋음,0.32,좋음,0.002
2026-04-12 16:00:00,2026-04-12:16,평리동,좋음,23.0,좋음,10.0,보통,0.0588,좋음,0.0095,좋음,0.32,좋음,0.0019
2026-04-12 17:00:00,2026-04-12:17,평리동,좋음,29.0,좋음,6.0,보통,0.0584,좋음,0.0126,좋음,0.38,좋음,0.0019
2026-04-12 18:00:00,2026-04-12:18,평리동,좋음,30.0,좋음,14.0,보통,0.0544,좋음,0.0116,좋음,0.32,좋음,0.0018
2026-04-12 19:00:00,2026-04-12:19,평리동,보통,31.0,좋음,14.0,보통,0.0491,좋음,0.0125,좋음,0.3,좋음,0.0017
2026-04-12 20:00:00,2026-04-12:20,평리동,좋음,28.0,좋음,15.0,보통,0.0432,좋음,0.0149,좋음,0.32,좋음,0.0016
2026-04-12 21:00:00,2026-04-12:21,평리동,좋음,28.0,보통,20.0,보통,0.0312,좋음,0.0215,좋음,0.37,좋음,0.0017
2026-04-12 22:00:00,2026-04-12:22,평리동,보통,42.0,보통,17.0,좋음,0.0158,보통,0.0315,좋음,0.43,좋음,0.0016
2026-04-12 23:00:00,2026-04-12:23,평리동,보통,36.0,보통,17.0,좋음,0.0205,좋음,0.0267,좋음,0.4,좋음,0.0016
2026-04-13 00:00:00,2026-04-12:24,평리동,보통,40.0,보통,17.0,좋음,0.0274,좋음,0.02,좋음,0.38,좋음,0.0017
2026-04-13 01:00:00,2026-04-13:01,평리동,좋음,30.0,,,좋음,0.0228,좋음,0.0213,좋음,0.37,좋음,0.0016
2026-04-13 02:00:00,2026-04-13:02,평리동,보통,34.0,보통,16.0,좋음,0.0273,좋음,0.0165,좋음,0.34,좋음,0.0016
2026-04-13 03:00:00,2026-04-13:03,평리동,보통,31.0,보통,16.0,좋음,0.0218,좋음,0.0184,좋음,0.34,좋음,0.0016
2026-04-13 04:00:00,2026-04-13:04,평리동,보통,36.0,좋음,13.0,좋음,0.0205,좋음,0.0197,좋음,0.33,좋음,0.0015
2026-04-13 05:00:00,2026-04-13:05,평리동,보통,38.0,좋음,14.0,좋음,0.0179,좋음,0.0214,좋음,0.32,좋음,0.0014
2026-04-13 06:00:00,2026-04-13:06,평리동,보통,39.0,보통,17.0,좋음,0.012,좋음,0.0279,좋음,0.36,좋음,0.0015
2026-04-13 07:00:00,2026-04-13:07,평리동,보통,41.0,보통,23.0,좋음,0.0052,보통,0.0383,좋음,0.44,좋음,0.0017
2026-04-13 08:00:00,2026-04-13:08,평리동,보통,53.0,보통,23.0,좋음,0.0071,보통,0.0385,좋음,0.52,좋음,0.002
2026-04-13 09:00:00,2026-04-13:09,평리동,보통,59.0,보통,30.0,좋음,0.0107,보통,0.0381,좋음,0.53,좋음,0.0024
2026-04-13 10:00:00,2026-04-13:10,평리동,보통,47.0,보통,28.0,좋음,0.021,보통,0.0352,좋음,0.5,좋음,0.003
2026-04-13 11:00:00,2026-04-13:11,평리동,보통,46.0,보통,25.0,보통,0.0347,좋음,0.0272,좋음,0.43,좋음,0.0026
2026-04-13 12:00:00,2026-04-13:12,평리동,보통,52.0,보통,18.0,보통,0.0569,좋음,0.0146,좋음,0.34,좋음,0.0021
2026-04-13 13:00:00,2026-04-13:13,평리동,보통,64.0,보통,21.0,보통,0.064,좋음,0.0106,좋음,0.33,좋음,0.0021
2026-04-13 14:00:00,2026-04-13:14,평리동,보통,51.0,보통,19.0,보통,0.0637,좋음,0.011,좋음,0.33,좋음,0.002
2026-04-13 15:00:00,2026-04-13:15,평리동,보통,55.0,보통,16.0,보통,0.0627,좋음,0.0109,좋음,0.31,좋음,0.0021
2026-04-13 16:00:00,2026-04-13:16,평리동,보통,56.0,좋음,14.0,보통,0.062,좋음,0.0108,좋음,0.3,좋음,0.0019
2026-04-13 17:00:00,2026-04-13:17,평리동,보통,51.0,보통,16.0,보통,0.0606,좋음,0.011,좋음,0.3,좋음,0.0019
2026-04-13 18:00:00,2026-04-13:18,평리동,보통,50.0,좋음,15.0,보통,0.0597,좋음,0.0111,좋음,0.31,좋음,0.0019
2026-04-13 19:00:00,2026-04-13:19,평리동,보통,52.0,좋음,15.0,보통,0.0569,좋음,0.0127,좋음,0.33,좋음,0.0019
2026-04-13 20:00:00,2026-04-13:20,평리동,보통,53.0,좋음,15.0,보통,0.0536,좋음,0.0123,좋음,0.33,좋음,0.002
2026-04-13 21:00:00,2026-04-13:21,평리동,보통,56.0,보통,18.0,보통,0.0545,좋음,0.0102,좋음,0.32,좋음,0.002
2026-04-13 22:00:00,2026-04-13:22,평리동,보통,51.0,보통,17.0,보통,0.0549,좋음,0.0091,좋음,0.31,좋음,0.002
2026-04-13 23:00:00,2026-04-13:23,평리동,보통,50.0,보통,16.0,보통,0.0528,좋음,0.0097,좋음,0.33,좋음,0.002
2026-04-14 00:00:00,2026-04-13:24,평리동,보통,48.0,좋음,11.0,보통,0.0527,좋음,0.0088,좋음,0.37,좋음,0.0023
2026-04-14 01:00:00,2026-04-14:01,평리동,보통,46.0,좋음,14.0,보통,0.0529,좋음,0.0075,좋음,0.31,좋음,0.002
2026-04-14 02:00:00,2026-04-14:02,평리동,보통,46.0,보통,18.0,보통,0.0524,좋음,0.0075,좋음,0.3,좋음,0.0019
2026-04-14 03:00:00,2026-04-14:03,평리동,보통,48.0,좋음,7.0,보통,0.0518,좋음,0.0074,좋음,0.29,좋음,0.0019
2026-04-14 04:00:00,2026-04-14:04,평리동,보통,46.0,좋음,11.0,보통,0.0519,좋음,0.0075,좋음,0.32,좋음,0.0019
2026-04-14 05:00:00,2026-04-14:05,평리동,보통,45.0,좋음,9.0,보통,0.0501,좋음,0.0083,좋음,0.32,좋음,0.0018
2026-04-14 06:00:00,2026-04-14:06,평리동,보통,48.0,보통,18.0,보통,0.0467,좋음,0.0105,좋음,0.34,좋음,0.0018
2026-04-14 07:00:00,2026-04-14:07,평리동,보통,52.0,좋음,15.0,보통,0.0446,좋음,0.0129,좋음,0.31,좋음,0.0018
2026-04-14 08:00:00,2026-04-14:08,평리동,보통,47.0,좋음,12.0,보통,0.0408,좋음,0.0174,좋음,0.35,좋음,0.0017
2026-04-14 09:00:00,2026-04-14:09,평리동,보통,50.0,좋음,11.0,보통,0.0418,좋음,0.0156,좋음,0.35,좋음,0.0018
2026-04-14 10:00:00,2026-04-14:10,평리동,보통,56.0,좋음,14.0,보통,0.0419,좋음,0.0157,좋음,0.35,좋음,0.0019
2026-04-14 11:00:00,2026-04-14:11,평리동,보통,48.0,보통,16.0,보통,0.0452,좋음,0.0148,좋음,0.35,좋음,0.002
2026-04-14 12:00:00,2026-04-14:12,평리동,보통,44.0,보통,16.0,보통,0.0496,좋음,0.0125,좋음,0.31,좋음,0.0018
2026-04-14 13:00:00,2026-04-14:13,평리동,보통,50.0,보통,18.0,보통,0.0504,좋음,0.0112,좋음,0.31,좋음,0.0017
2026-04-14 14:00:00,2026-04-14:14,평리동,보통,48.0,보통,17.0,보통,0.0505,좋음,0.0104,좋음,0.31,좋음,0.0017
2026-04-14 15:00:00,2026-04-14:15,평리동,보통,42.0,좋음,14.0,보통,0.0506,좋음,0.0116,좋음,0.29,좋음,0.0017
2026-04-14 16:00:00,2026-04-14:16,평리동,보통,38.0,좋음,11.0,보통,0.0502,좋음,0.012,좋음,0.29,좋음,0.0017
2026-04-14 17:00:00,2026-04-14:17,평리동,보통,35.0,좋음,10.0,보통,0.0479,좋음,0.013,좋음,0.29,좋음,0.0017
2026-04-14 18:00:00,2026-04-14:18,평리동,보통,33.0,좋음,11.0,보통,0.0479,좋음,0.0121,좋음,0.3,좋음,0.0016
2026-04-14 19:00:00,2026-04-14:19,평리동,보통,40.0,좋음,10.0,보통,0.0448,좋음,0.0146,좋음,0.32,좋음,0.0016
2026-04-14 20:00:00,2026-04-14:20,평리동,보통,35.0,좋음,11.0,보통,0.0467,좋음,0.012,좋음,0.3,좋음,0.0016
2026-04-14 21:00:00,2026-04-14:21,평리동,보통,31.0,좋음,8.0,보통,0.0485,좋음,0.0096,좋음,0.29,좋음,0.0016
2026-04-14 22:00:00,2026-04-14:22,평리동,보통,35.0,좋음,10.0,보통,0.0489,좋음,0.0094,좋음,0.28,좋음,0.0015
2026-04-14 23:00:00,2026-04-14:23,평리동,보통,33.0,좋음,10.0,보통,0.0508,좋음,0.0083,좋음,0.29,좋음,0.0014
2026-04-15 00:00:00,2026-04-14:24,평리동,보통,33.0,좋음,9.0,보통,0.0509,좋음,0.0082,좋음,0.27,좋음,0.0016
2026-04-15 01:00:00,2026-04-15:01,평리동,보통,33.0,좋음,11.0,보통,0.0511,좋음,0.0075,좋음,0.27,좋음,0.0016
2026-04-15 02:00:00,2026-04-15:02,평리동,보통,35.0,좋음,10.0,보통,0.0513,좋음,0.0071,좋음,0.27,좋음,0.0016
2026-04-15 03:00:00,2026-04-15:03,평리동,보통,33.0,좋음,10.0,보통,0.0474,좋음,0.008,좋음,0.29,좋음,0.0016
2026-04-15 04:00:00,2026-04-15:04,평리동,좋음,30.0,좋음,11.0,보통,0.0441,좋음,0.0093,좋음,0.29,좋음,0.0015
2026-04-15 05:00:00,2026-04-15:05,평리동,보통,33.0,좋음,9.0,보통,0.0352,좋음,0.012,좋음,0.31,좋음,0.0015
2026-04-15 06:00:00,2026-04-15:06,평리동,보통,33.0,보통,16.0,좋음,0.0238,좋음,0.0199,좋음,0.33,좋음,0.0015
2026-04-15 07:00:00,2026-04-15:07,평리동,보통,34.0,보통,16.0,좋음,0.0168,좋음,0.0257,좋음,0.34,좋음,0.0015
2026-04-15 08:00:00,2026-04-15:08,평리동,보통,47.0,좋음,15.0,좋음,0.0099,보통,0.0336,좋음,0.44,좋음,0.0017
2026-04-15 09:00:00,2026-04-15:09,평리동,보통,45.0,보통,20.0,좋음,0.0221,좋음,0.0269,좋음,0.39,좋음,0.0017
2026-04-15 10:00:00,2026-04-15:10,평리동,보통,38.0,좋음,12.0,보통,0.0355,좋음,0.0197,좋음,0.34,좋음,0.0016
2026-04-15 11:00:00,2026-04-15:11,평리동,보통,36.0,보통,16.0,보통,0.0404,좋음,0.0172,좋음,0.31,좋음,0.0018
2026-04-15 12:00:00,2026-04-15:12,평리동,보통,34.0,좋음,11.0,보통,0.0441,좋음,0.0156,좋음,0.31,좋음,0.0018
2026-04-15 13:00:00,2026-04-15:13,평리동,보통,39.0,좋음,13.0,보통,0.0443,좋음,0.019,좋음,0.37,좋음,0.003
2026-04-15 14:00:00,2026-04-15:14,평리동,보통,35.0,좋음,14.0,보통,0.0511,좋음,0.0164,좋음,0.33,좋음,0.0023
2026-04-15 15:00:00,2026-04-15:15,평리동,보통,39.0,보통,16.0,보통,0.0604,좋음,0.0147,좋음,0.35,좋음,0.0026
2026-04-15 16:00:00,2026-04-15:16,평리동,보통,36.0,보통,18.0,보통,0.0654,좋음,0.0105,좋음,0.29,좋음,0.0018
2026-04-15 17:00:00,2026-04-15:17,평리동,보통,38.0,보통,17.0,보통,0.0681,좋음,0.0095,좋음,0.29,좋음,0.0018
2026-04-15 18:00:00,2026-04-15:18,평리동,보통,39.0,좋음,15.0,보통,0.0688,좋음,0.0084,좋음,0.27,좋음,0.0019
2026-04-15 19:00:00,2026-04-15:19,평리동,보통,53.0,좋음,15.0,보통,0.055,좋음,0.0134,좋음,0.32,좋음,0.002
2026-04-15 20:00:00,2026-04-15:20,평리동,보통,42.0,좋음,8.0,보통,0.0541,좋음,0.0098,좋음,0.27,좋음,0.0018
2026-04-15 21:00:00,2026-04-15:21,평리동,보통,39.0,좋음,9.0,보통,0.051,좋음,0.0097,좋음,0.29,좋음,0.0017
2026-04-15 22:00:00,2026-04-15:22,평리동,보통,42.0,보통,17.0,보통,0.0519,좋음,0.0086,좋음,0.29,좋음,0.0016
2026-04-15 23:00:00,2026-04-15:23,평리동,보통,36.0,보통,16.0,보통,0.0512,좋음,0.008,좋음,0.29,좋음,0.0015
2026-04-16 00:00:00,2026-04-15:24,평리동,보통,34.0,좋음,11.0,보통,0.0515,좋음,0.0068,좋음,0.26,좋음,0.0015
2026-04-16 01:00:00,2026-04-16:01,평리동,보통,31.0,좋음,15.0,보통,0.0503,좋음,0.0063,좋음,0.25,좋음,0.0015
2026-04-16 02:00:00,2026-04-16:02,평리동,보통,35.0,좋음,13.0,보통,0.0507,좋음,0.0059,좋음,0.25,좋음,0.0014
2026-04-16 03:00:00,2026-04-16:03,평리동,좋음,25.0,좋음,8.0,보통,0.0488,좋음,0.0062,좋음,0.23,좋음,0.0014
2026-04-16 04:00:00,2026-04-16:04,평리동,좋음,29.0,좋음,10.0,보통,0.0403,좋음,0.0089,좋음,0.25,좋음,0.0014
2026-04-16 05:00:00,2026-04-16:05,평리동,좋음,25.0,좋음,12.0,보통,0.0357,좋음,0.0107,좋음,0.26,좋음,0.0014
2026-04-16 06:00:00,2026-04-16:06,평리동,보통,31.0,좋음,9.0,보통,0.0363,좋음,0.0122,좋음,0.26,좋음,0.0014
2026-04-16 07:00:00,2026-04-16:07,평리동,좋음,29.0,좋음,3.0,좋음,0.0289,좋음,0.0195,좋음,0.26,좋음,0.0015
2026-04-16 08:00:00,2026-04-16:08,평리동,보통,34.0,좋음,2.0,보통,0.0378,좋음,0.0143,좋음,0.25,좋음,0.0015
2026-04-16 09:00:00,2026-04-16:09,평리동,보통,31.0,좋음,7.0,보통,0.0406,좋음,0.0125,좋음,0.27,좋음,0.0015
2026-04-16 10:00:00,2026-04-16:10,평리동,좋음,29.0,좋음,12.0,보통,0.044,좋음,0.0115,좋음,0.25,좋음,0.0012
2026-04-16 11:00:00,2026-04-16:11,평리동,보통,34.0,좋음,11.0,보통,0.0476,좋음,0.0104,좋음,0.24,좋음,0.0014
2026-04-16 12:00:00,2026-04-16:12,평리동,좋음,29.0,좋음,8.0,보통,0.0504,좋음,0.0099,좋음,0.23,좋음,0.0015
2026-04-16 13:00:00,2026-04-16:13,평리동,좋음,29.0,좋음,8.0,보통,0.0525,좋음,0.0088,좋음,0.23,좋음,0.0015
2026-04-16 14:00:00,2026-04-16:14,평리동,좋음,23.0,좋음,7.0,보통,0.0529,좋음,0.0084,좋음,0.23,좋음,0.0014
2026-04-16 15:00:00,2026-04-16:15,평리동,좋음,23.0,좋음,5.0,보통,0.0536,좋음,0.0083,좋음,0.22,좋음,0.0014
2026-04-16 16:00:00,2026-04-16:16,평리동,좋음,22.0,좋음,3.0,보통,0.0531,좋음,0.0094,좋음,0.25,좋음,0.0015
2026-04-16 17:00:00,2026-04-16:17,평리동,좋음,29.0,좋음,3.0,보통,0.0536,좋음,0.0096,좋음,0.27,좋음,0.0016
2026-04-16 18:00:00,2026-04-16:18,평리동,보통,34.0,좋음,9.0,보통,0.0516,좋음,0.0113,좋음,0.27,좋음,0.0016
2026-04-16 19:00:00,2026-04-16:19,평리동,보통,34.0,좋음,6.0,보통,0.0515,좋음,0.0105,좋음,0.25,좋음,0.0016
2026-04-16 20:00:00,2026-04-16:20,평리동,보통,34.0,좋음,9.0,보통,0.0482,좋음,0.0115,좋음,0.27,좋음,0.0017
2026-04-16 21:00:00,2026-04-16:21,평리동,보통,35.0,좋음,11.0,보통,0.0478,좋음,0.0091,좋음,0.3,좋음,0.002
2026-04-16 22:00:00,2026-04-16:22,평리동,보통,39.0,좋음,8.0,보통,0.044,좋음,0.0106,좋음,0.48,좋음,0.0028
2026-04-16 23:00:00,2026-04-16:23,평리동,좋음,29.0,좋음,7.0,보통,0.0437,좋음,0.0097,좋음,0.43,좋음,0.0022
2026-04-17 00:00:00,2026-04-16:24,평리동,좋음,25.0,좋음,10.0,보통,0.0412,좋음,0.0089,좋음,0.42,좋음,0.002
2026-04-17 01:00:00,2026-04-17:01,평리동,보통,31.0,좋음,14.0,보통,0.0419,좋음,0.0076,좋음,0.33,좋음,0.0018
2026-04-17 02:00:00,2026-04-17:02,평리동,좋음,30.0,좋음,11.0,보통,0.0412,좋음,0.0077,좋음,0.29,좋음,0.0017
2026-04-17 03:00:00,2026-04-17:03,평리동,좋음,29.0,좋음,8.0,보통,0.0419,좋음,0.0076,좋음,0.29,좋음,0.0017
2026-04-17 04:00:00,2026-04-17:04,평리동,좋음,30.0,좋음,9.0,보통,0.0421,좋음,0.0075,좋음,0.28,좋음,0.0016
2026-04-17 05:00:00,2026-04-17:05,평리동,좋음,30.0,좋음,9.0,보통,0.0401,좋음,0.009,좋음,0.27,좋음,0.0016
2026-04-17 06:00:00,2026-04-17:06,평리동,좋음,30.0,좋음,11.0,보통,0.0374,좋음,0.0118,좋음,0.32,좋음,0.0017
2026-04-17 07:00:00,2026-04-17:07,평리동,보통,40.0,좋음,12.0,보통,0.0314,좋음,0.0184,좋음,0.37,좋음,0.0018
2026-04-17 08:00:00,2026-04-17:08,평리동,보통,39.0,보통,16.0,좋음,0.0227,좋음,0.0254,좋음,0.39,좋음,0.0019
2026-04-17 09:00:00,2026-04-17:09,평리동,보통,46.0,좋음,14.0,좋음,0.0151,좋음,0.029,좋음,0.41,좋음,0.002
2026-04-17 10:00:00,2026-04-17:10,평리동,보통,48.0,보통,21.0,좋음,0.0132,보통,0.0321,좋음,0.45,좋음,0.0023
2026-04-17 11:00:00,2026-04-17:11,평리동,보통,53.0,보통,20.0,좋음,0.0158,보통,0.0305,좋음,0.49,좋음,0.0023
2026-04-17 12:00:00,2026-04-17:12,평리동,보통,38.0,좋음,15.0,좋음,0.0215,좋음,0.026,좋음,0.45,좋음,0.0024
2026-04-17 13:00:00,2026-04-17:13,평리동,보통,34.0,보통,25.0,좋음,0.0299,좋음,0.0206,좋음,0.43,좋음,0.0021
2026-04-17 14:00:00,2026-04-17:14,평리동,보통,34.0,보통,17.0,좋음,0.0298,좋음,0.0201,좋음,0.4,좋음,0.0022
2026-04-17 15:00:00,2026-04-17:15,평리동,보통,38.0,보통,17.0,좋음,0.0257,좋음,0.0237,좋음,0.42,좋음,0.0021
2026-04-17 16:00:00,2026-04-17:16,평리동,보통,36.0,보통,17.0,좋음,0.0249,좋음,0.0233,좋음,0.4,좋음,0.0019
2026-04-17 17:00:00,2026-04-17:17,평리동,보통,33.0,보통,20.0,좋음,0.0248,좋음,0.0241,좋음,0.39,좋음,0.0019
2026-04-17 18:00:00,2026-04-17:18,평리동,좋음,25.0,좋음,14.0,좋음,0.0244,좋음,0.0247,좋음,0.36,좋음,0.0017
2026-04-17 19:00:00,2026-04-17:19,평리동,좋음,27.0,좋음,14.0,좋음,0.0225,좋음,0.0257,좋음,0.39,좋음,0.0018
2026-04-17 20:00:00,2026-04-17:20,평리동,좋음,24.0,보통,19.0,좋음,0.0196,좋음,0.0274,좋음,0.41,좋음,0.0017
2026-04-17 21:00:00,2026-04-17:21,평리동,보통,33.0,보통,27.0,좋음,0.0192,좋음,0.0256,좋음,0.44,좋음,0.0016
2026-04-17 22:00:00,2026-04-17:22,평리동,보통,33.0,보통,26.0,좋음,0.0079,보통,0.0329,좋음,0.46,좋음,0.0016
2026-04-17 23:00:00,2026-04-17:23,평리동,보통,36.0,보통,32.0,좋음,0.0084,보통,0.0306,좋음,0.46,좋음,0.0017
2026-04-18 00:00:00,2026-04-17:24,평리동,좋음,27.0,보통,33.0,좋음,0.0075,좋음,0.0276,좋음,0.44,좋음,0.0016
2026-04-18 01:00:00,2026-04-18:01,평리동,좋음,28.0,보통,25.0,좋음,0.0086,좋음,0.0223,좋음,0.4,좋음,0.0016
2026-04-18 02:00:00,2026-04-18:02,평리동,좋음,22.0,보통,21.0,좋음,0.0079,좋음,0.0212,좋음,0.41,좋음,0.0016
2026-04-18 03:00:00,2026-04-18:03,평리동,좋음,17.0,보통,16.0,좋음,0.0102,좋음,0.0185,좋음,0.39,좋음,0.0016
2026-04-18 04:00:00,2026-04-18:04,평리동,좋음,16.0,좋음,11.0,좋음,0.0109,좋음,0.0172,좋음,0.37,좋음,0.0015
2026-04-18 05:00:00,2026-04-18:05,평리동,좋음,23.0,좋음,15.0,좋음,0.01,좋음,0.0184,좋음,0.37,좋음,0.0016
2026-04-18 06:00:00,2026-04-18:06,평리동,좋음,23.0,보통,18.0,좋음,0.006,좋음,0.0213,좋음,0.4,좋음,0.0016
2026-04-18 07:00:00,2026-04-18:07,평리동,좋음,25.0,보통,25.0,좋음,0.0048,좋음,0.022,좋음,0.4,좋음,0.0016
2026-04-18 08:00:00,2026-04-18:08,평리동,좋음,27.0,보통,25.0,좋음,0.0081,좋음,0.0218,좋음,0.41,좋음,0.0017
2026-04-18 09:00:00,2026-04-18:09,평리동,좋음,25.0,보통,21.0,좋음,0.0154,좋음,0.0196,좋음,0.42,좋음,0.0016
2026-04-18 10:00:00,2026-04-18:10,평리동,보통,36.0,보통,31.0,좋음,0.0142,좋음,0.0224,좋음,0.46,좋음,0.0018
2026-04-18 11:00:00,2026-04-18:11,평리동,보통,40.0,보통,34.0,좋음,0.0173,좋음,0.0225,좋음,0.45,좋음,0.0018
2026-04-18 12:00:00,2026-04-18:12,평리동,보통,44.0,보통,35.0,좋음,0.0197,좋음,0.022,좋음,0.5,좋음,0.0025
2026-04-18 13:00:00,2026-04-18:13,평리동,좋음,24.0,보통,17.0,보통,0.0306,좋음,0.0153,좋음,0.37,좋음,0.0021
2026-04-18 14:00:00,2026-04-18:14,평리동,좋음,24.0,좋음,15.0,보통,0.0393,좋음,0.0126,좋음,0.33,좋음,0.0019
2026-04-18 15:00:00,2026-04-18:15,평리동,보통,34.0,보통,25.0,보통,0.0433,좋음,0.0136,좋음,0.33,좋음,0.0019
2026-04-18 16:00:00,2026-04-18:16,평리동,좋음,29.0,좋음,14.0,보통,0.0418,좋음,0.0132,좋음,0.32,좋음,0.0022
2026-04-18 17:00:00,2026-04-18:17,평리동,좋음,24.0,좋음,12.0,보통,0.0406,좋음,0.0121,좋음,0.31,좋음,0.0021
2026-04-18 18:00:00,2026-04-18:18,평리동,좋음,20.0,좋음,10.0,보통,0.0401,좋음,0.0118,좋음,0.27,좋음,0.0019
2026-04-18 19:00:00,2026-04-18:19,평리동,좋음,22.0,좋음,9.0,보통,0.0327,좋음,0.0164,좋음,0.33,좋음,0.0018
2026-04-18 20:00:00,2026-04-18:20,평리동,좋음,30.0,보통,16.0,좋음,0.0199,좋음,0.0203,좋음,0.37,좋음,0.0017
2026-04-18 21:00:00,2026-04-18:21,평리동,보통,38.0,보통,18.0,좋음,0.0033,보통,0.0303,좋음,0.41,좋음,0.0017
2026-04-18 22:00:00,2026-04-18:22,평리동,보통,38.0,보통,16.0,좋음,0.0033,좋음,0.0276,좋음,0.43,좋음,0.0017
2026-04-18 23:00:00,2026-04-18:23,평리동,보통,34.0,보통,20.0,좋음,0.0041,좋음,0.0237,좋음,0.42,좋음,0.0017
2026-04-19 00:00:00,2026-04-18:24,평리동,보통,36.0,좋음,15.0,좋음,0.0025,좋음,0.0236,좋음,0.44,좋음,0.0017
2026-04-19 01:00:00,2026-04-19:01,평리동,보통,34.0,보통,28.0,좋음,0.0027,좋음,0.0213,좋음,0.43,좋음,0.0017
2026-04-19 02:00:00,2026-04-19:02,평리동,좋음,28.0,보통,17.0,좋음,0.0066,좋음,0.0166,좋음,0.44,좋음,0.0017
2026-04-19 03:00:00,2026-04-19:03,평리동,보통,34.0,보통,17.0,좋음,0.0052,좋음,0.0169,좋음,0.42,좋음,0.0017
2026-04-19 04:00:00,2026-04-19:04,평리동,좋음,28.0,좋음,13.0,좋음,0.0055,좋음,0.0159,좋음,0.42,좋음,0.0016
2026-04-19 05:00:00,2026-04-19:05,평리동,좋음,28.0,좋음,15.0,좋음,0.0085,좋음,0.0127,좋음,0.4,좋음,0.0015
2026-04-19 06:00:00,2026-04-19:06,평리동,좋음,30.0,보통,16.0,좋음,0.0063,좋음,0.0144,좋음,0.41,좋음,0.0016
2026-04-19 07:00:00,2026-04-19:07,평리동,보통,36.0,좋음,15.0,좋음,0.0049,좋음,0.0159,좋음,0.44,좋음,0.0016
2026-04-19 08:00:00,2026-04-19:08,평리동,보통,42.0,보통,22.0,좋음,0.0069,좋음,0.016,좋음,0.46,좋음,0.0017
2026-04-19 09:00:00,2026-04-19:09,평리동,보통,45.0,보통,24.0,좋음,0.0115,좋음,0.015,좋음,0.47,좋음,0.0018
2026-04-19 10:00:00,2026-04-19:10,평리동,보통,45.0,보통,25.0,좋음,0.0182,좋음,0.0163,좋음,0.47,좋음,0.0019
2026-04-19 11:00:00,2026-04-19:11,평리동,보통,44.0,보통,33.0,보통,0.0361,좋음,0.0139,좋음,0.46,좋음,0.0023
2026-04-19 12:00:00,2026-04-19:12,평리동,보통,44.0,보통,25.0,보통,0.0464,좋음,0.0125,좋음,0.41,좋음,0.0022
2026-04-19 13:00:00,2026-04-19:13,평리동,보통,40.0,보통,18.0,보통,0.0521,좋음,0.0126,좋음,0.4,좋음,0.0021
2026-04-19 14:00:00,2026-04-19:14,평리동,보통,35.0,보통,18.0,보통,0.0509,좋음,0.0118,좋음,0.36,좋음,0.002
2026-04-19 15:00:00,2026-04-19:15,평리동,보통,34.0,보통,17.0,보통,0.0464,좋음,0.0121,좋음,0.35,좋음,0.0019
2026-04-19 16:00:00,2026-04-19:16,평리동,보통,34.0,보통,23.0,보통,0.0421,좋음,0.0117,좋음,0.34,좋음,0.0019
2026-04-19 17:00:00,2026-04-19:17,평리동,보통,36.0,보통,22.0,보통,0.0421,좋음,0.0128,좋음,0.35,좋음,0.0019
2026-04-19 18:00:00,2026-04-19:18,평리동,보통,34.0,보통,20.0,보통,0.0445,좋음,0.0118,좋음,0.37,좋음,0.002
2026-04-19 19:00:00,2026-04-19:19,평리동,좋음,22.0,좋음,8.0,보통,0.0358,좋음,0.0119,좋음,0.4,좋음,0.0023
2026-04-19 20:00:00,2026-04-19:20,평리동,좋음,22.0,좋음,9.0,보통,0.0321,좋음,0.0137,좋음,0.48,좋음,0.0026
2026-04-19 21:00:00,2026-04-19:21,평리동,좋음,27.0,좋음,9.0,좋음,0.0297,좋음,0.0138,좋음,0.5,좋음,0.0025
2026-04-19 22:00:00,2026-04-19:22,평리동,좋음,24.0,좋음,14.0,좋음,0.0293,좋음,0.0132,좋음,0.45,좋음,0.0024
2026-04-19 23:00:00,2026-04-19:23,평리동,좋음,20.0,좋음,14.0,좋음,0.018,좋음,0.0194,좋음,0.47,좋음,0.0021
2026-04-20 00:00:00,2026-04-19:24,평리동,좋음,23.0,좋음,15.0,좋음,0.0165,좋음,0.019,좋음,0.46,좋음,0.0019
2026-04-20 01:00:00,2026-04-20:01,평리동,좋음,23.0,좋음,15.0,좋음,0.0187,좋음,0.0151,좋음,0.42,좋음,0.0018
2026-04-20 02:00:00,2026-04-20:02,평리동,좋음,27.0,좋음,8.0,좋음,0.0117,좋음,0.018,좋음,0.42,좋음,0.0017
2026-04-20 03:00:00,2026-04-20:03,평리동,좋음,23.0,좋음,11.0,좋음,0.0126,좋음,0.016,좋음,0.41,좋음,0.0017
2026-04-20 04:00:00,2026-04-20:04,평리동,좋음,16.0,좋음,13.0,좋음,0.014,좋음,0.0132,좋음,0.38,좋음,0.0017
2026-04-20 05:00:00,2026-04-20:05,평리동,좋음,22.0,좋음,15.0,좋음,0.007,좋음,0.0178,좋음,0.39,좋음,0.0017
2026-04-20 06:00:00,2026-04-20:06,평리동,좋음,24.0,좋음,11.0,좋음,0.0035,좋음,0.0212,좋음,0.42,좋음,0.0017
2026-04-20 07:00:00,2026-04-20:07,평리동,좋음,23.0,좋음,11.0,좋음,0.0037,좋음,0.0208,좋음,0.42,좋음,0.0019
2026-04-20 08:00:00,2026-04-20:08,평리동,보통,36.0,좋음,14.0,좋음,0.0045,좋음,0.0241,좋음,0.5,좋음,0.0022
2026-04-20 09:00:00,2026-04-20:09,평리동,보통,36.0,보통,23.0,좋음,0.0106,좋음,0.0235,좋음,0.49,좋음,0.0023
2026-04-20 10:00:00,2026-04-20:10,평리동,좋음,30.0,좋음,15.0,좋음,0.0254,좋음,0.0199,좋음,0.39,좋음,0.0023
2026-04-20 11:00:00,2026-04-20:11,평리동,,,,,,,,,,,,
2026-04-20 12:00:00,2026-04-20:12,평리동,,,,,,,,,,,,
2026-04-20 13:00:00,2026-04-20:13,평리동,보통,38.0,보통,16.0,보통,0.0461,좋음,0.0134,좋음,0.31,좋음,0.002
2026-04-20 14:00:00,2026-04-20:14,평리동,보통,38.0,좋음,7.0,보통,0.0393,좋음,0.0125,좋음,0.29,좋음,0.0019
2026-04-20 15:00:00,2026-04-20:15,평리동,좋음,25.0,좋음,6.0,보통,0.0362,좋음,0.0139,좋음,0.3,좋음,0.0018
2026-04-20 16:00:00,2026-04-20:16,평리동,좋음,27.0,좋음,7.0,보통,0.037,좋음,0.0138,좋음,0.33,좋음,0.0022
2026-04-20 17:00:00,2026-04-20:17,평리동,좋음,24.0,좋음,10.0,보통,0.0381,좋음,0.0125,좋음,0.28,좋음,0.0017
2026-04-20 18:00:00,2026-04-20:18,평리동,좋음,20.0,좋음,11.0,보통,0.0382,좋음,0.0126,좋음,0.3,좋음,0.0023
2026-04-20 19:00:00,2026-04-20:19,평리동,좋음,17.0,좋음,5.0,보통,0.0375,좋음,0.0139,좋음,0.35,좋음,0.0029
2026-04-20 20:00:00,2026-04-20:20,평리동,보통,35.0,좋음,14.0,보통,0.0432,좋음,0.0118,좋음,0.31,좋음,0.0023
2026-04-20 21:00:00,2026-04-20:21,평리동,보통,50.0,보통,18.0,보통,0.044,좋음,0.0107,좋음,0.33,좋음,0.0022
2026-04-20 22:00:00,2026-04-20:22,평리동,보통,50.0,보통,19.0,보통,0.0404,좋음,0.0123,좋음,0.27,좋음,0.0016
2026-04-20 23:00:00,2026-04-20:23,평리동,보통,53.0,좋음,14.0,보통,0.0407,좋음,0.0105,좋음,0.23,좋음,0.0015
2026-04-21 00:00:00,2026-04-20:24,평리동,보통,75.0,보통,17.0,보통,0.038,좋음,0.008,좋음,0.22,좋음,0.0014
2026-04-21 01:00:00,2026-04-21:01,평리동,나쁨,108.0,보통,20.0,보통,0.0365,좋음,0.0081,좋음,0.21,좋음,0.0016
2026-04-21 02:00:00,2026-04-21:02,평리동,나쁨,138.0,보통,20.0,보통,0.036,좋음,0.0083,좋음,0.21,좋음,0.0025
2026-04-21 03:00:00,2026-04-21:03,평리동,나쁨,143.0,보통,28.0,보통,0.036,좋음,0.0083,좋음,0.23,좋음,0.0025
2026-04-21 04:00:00,2026-04-21:04,평리동,매우나쁨,157.0,보통,26.0,보통,0.036,좋음,0.0088,좋음,0.23,좋음,0.0023
2026-04-21 05:00:00,2026-04-21:05,평리동,매우나쁨,160.0,보통,24.0,보통,0.0328,좋음,0.0121,좋음,0.23,좋음,0.0019
2026-04-21 06:00:00,2026-04-21:06,평리동,매우나쁨,163.0,보통,27.0,좋음,0.0295,좋음,0.0152,좋음,0.25,좋음,0.0017
2026-04-21 07:00:00,2026-04-21:07,평리동,매우나쁨,161.0,보통,27.0,좋음,0.0276,좋음,0.0171,좋음,0.28,좋음,0.0019
2026-04-21 08:00:00,2026-04-21:08,평리동,매우나쁨,166.0,보통,27.0,좋음,0.024,좋음,0.0245,좋음,0.31,좋음,0.0023
2026-04-21 09:00:00,2026-04-21:09,평리동,매우나쁨,166.0,보통,27.0,좋음,0.0266,좋음,0.0236,좋음,0.32,좋음,0.0031
2026-04-21 10:00:00,2026-04-21:10,평리동,나쁨,149.0,보통,25.0,보통,0.0347,좋음,0.0164,좋음,0.3,좋음,0.0041
2026-04-21 11:00:00,2026-04-21:11,평리동,나쁨,123.0,보통,24.0,보통,0.0353,좋음,0.0158,좋음,0.34,좋음,0.0045
2026-04-21 12:00:00,2026-04-21:12,평리동,나쁨,106.0,보통,22.0,보통,0.0449,좋음,0.0105,좋음,0.26,좋음,0.0022
2026-04-21 13:00:00,2026-04-21:13,평리동,나쁨,101.0,보통,20.0,보통,0.0472,좋음,0.0105,좋음,0.3,좋음,0.0031
2026-04-21 14:00:00,2026-04-21:14,평리동,나쁨,106.0,보통,20.0,보통,0.0501,좋음,0.0113,좋음,0.26,좋음,0.0024
2026-04-21 15:00:00,2026-04-21:15,평리동,나쁨,100.0,보통,21.0,보통,0.0515,좋음,0.0112,좋음,0.27,좋음,0.0028
2026-04-21 16:00:00,2026-04-21:16,평리동,나쁨,95.0,보통,20.0,보통,0.0534,좋음,0.0113,좋음,0.25,좋음,0.0018
2026-04-21 17:00:00,2026-04-21:17,평리동,나쁨,91.0,보통,19.0,보통,0.0523,좋음,0.0115,좋음,0.25,좋음,0.002
2026-04-21 18:00:00,2026-04-21:18,평리동,나쁨,85.0,보통,18.0,보통,0.0493,좋음,0.0118,좋음,0.25,좋음,0.0018
2026-04-21 19:00:00,2026-04-21:19,평리동,나쁨,107.0,보통,17.0,보통,0.0423,좋음,0.0118,좋음,0.25,좋음,0.0018
2026-04-21 20:00:00,2026-04-21:20,평리동,나쁨,108.0,보통,22.0,보통,0.042,좋음,0.0124,좋음,0.28,좋음,0.0021
2026-04-21 21:00:00,2026-04-21:21,평리동,나쁨,101.0,좋음,13.0,보통,0.0467,좋음,0.0113,좋음,0.31,좋음,0.0026
2026-04-21 22:00:00,2026-04-21:22,평리동,나쁨,95.0,보통,16.0,보통,0.0455,좋음,0.0126,좋음,0.32,좋음,0.0026
2026-04-21 23:00:00,2026-04-21:23,평리동,나쁨,84.0,보통,22.0,좋음,0.0285,좋음,0.0227,좋음,0.37,좋음,0.0025
2026-04-22 00:00:00,2026-04-21:24,평리동,나쁨,85.0,보통,21.0,보통,0.0316,좋음,0.0199,좋음,0.33,좋음,0.0023
2026-04-22 01:00:00,2026-04-22:01,평리동,나쁨,83.0,보통,18.0,보통,0.0345,좋음,0.0144,좋음,0.33,좋음,0.0025
2026-04-22 02:00:00,2026-04-22:02,평리동,보통,78.0,보통,19.0,보통,0.032,좋음,0.0154,좋음,0.34,좋음,0.0024
2026-04-22 03:00:00,2026-04-22:03,평리동,나쁨,83.0,보통,24.0,좋음,0.022,좋음,0.0214,좋음,0.36,좋음,0.0022
2026-04-22 04:00:00,2026-04-22:04,평리동,보통,79.0,보통,23.0,좋음,0.0253,좋음,0.0194,좋음,0.36,좋음,0.0022
2026-04-22 05:00:00,2026-04-22:05,평리동,보통,75.0,보통,24.0,좋음,0.0163,좋음,0.0263,좋음,0.4,좋음,0.0024
2026-04-22 06:00:00,2026-04-22:06,평리동,보통,79.0,보통,27.0,좋음,0.0098,보통,0.0321,좋음,0.45,좋음,0.0022
2026-04-22 07:00:00,2026-04-22:07,평리동,나쁨,83.0,보통,27.0,좋음,0.0066,보통,0.0361,좋음,0.43,좋음,0.0022
2026-04-22 08:00:00,2026-04-22:08,평리동,나쁨,83.0,보통,30.0,좋음,0.0082,보통,0.0356,좋음,0.45,좋음,0.0023
2026-04-22 09:00:00,2026-04-22:09,평리동,보통,80.0,보통,24.0,좋음,0.012,보통,0.0355,좋음,0.46,좋음,0.0027
2026-04-22 10:00:00,2026-04-22:10,평리동,나쁨,88.0,보통,24.0,좋음,0.019,좋음,0.0294,좋음,0.4,좋음,0.0026
2026-04-22 11:00:00,2026-04-22:11,평리동,보통,80.0,보통,21.0,좋음,0.0254,좋음,0.0249,좋음,0.34,좋음,0.0024
2026-04-22 12:00:00,2026-04-22:12,평리동,보통,68.0,보통,21.0,보통,0.0315,좋음,0.0216,좋음,0.41,좋음,0.0036
2026-04-22 13:00:00,2026-04-22:13,평리동,보통,59.0,좋음,11.0,보통,0.0385,좋음,0.0192,좋음,0.33,좋음,0.0028
2026-04-22 14:00:00,2026-04-22:14,평리동,보통,56.0,좋음,12.0,보통,0.039,좋음,0.017,좋음,0.31,좋음,0.0029
2026-04-22 15:00:00,2026-04-22:15,평리동,보통,39.0,좋음,9.0,보통,0.0453,좋음,0.0105,좋음,0.21,좋음,0.0016
2026-04-22 16:00:00,2026-04-22:16,평리동,보통,31.0,좋음,4.0,보통,0.0463,좋음,0.009,좋음,0.19,좋음,0.0016
2026-04-22 17:00:00,2026-04-22:17,평리동,좋음,30.0,좋음,3.0,보통,0.0461,좋음,0.0102,좋음,0.22,좋음,0.0018
2026-04-22 18:00:00,2026-04-22:18,평리동,좋음,30.0,좋음,3.0,보통,0.0426,좋음,0.0129,좋음,0.27,좋음,0.0017
2026-04-22 19:00:00,2026-04-22:19,평리동,보통,34.0,좋음,4.0,보통,0.0394,좋음,0.0149,좋음,0.28,좋음,0.0017
2026-04-22 20:00:00,2026-04-22:20,평리동,좋음,29.0,좋음,12.0,보통,0.0349,좋음,0.0159,좋음,0.28,좋음,0.002
2026-04-22 21:00:00,2026-04-22:21,평리동,보통,31.0,좋음,10.0,보통,0.0335,좋음,0.0157,좋음,0.28,좋음,0.0022
2026-04-22 22:00:00,2026-04-22:22,평리동,보통,34.0,좋음,8.0,보통,0.031,좋음,0.0156,좋음,0.27,좋음,0.0019
2026-04-22 23:00:00,2026-04-22:23,평리동,보통,31.0,좋음,13.0,좋음,0.0203,좋음,0.0242,좋음,0.31,좋음,0.0019
2026-04-23 00:00:00,2026-04-22:24,평리동,보통,35.0,좋음,11.0,좋음,0.0113,보통,0.0311,좋음,0.32,좋음,0.0017
2026-04-23 01:00:00,2026-04-23:01,평리동,보통,35.0,보통,18.0,좋음,0.0113,좋음,0.0294,좋음,0.32,좋음,0.0017
2026-04-23 02:00:00,2026-04-23:02,평리동,좋음,30.0,좋음,14.0,좋음,0.0119,좋음,0.0281,좋음,0.31,좋음,0.0017
2026-04-23 03:00:00,2026-04-23:03,평리동,보통,31.0,좋음,10.0,좋음,0.0132,좋음,0.0253,좋음,0.31,좋음,0.0017
2026-04-23 04:00:00,2026-04-23:04,평리동,보통,33.0,보통,17.0,좋음,0.0152,좋음,0.0224,좋음,0.31,좋음,0.0019
2026-04-23 05:00:00,2026-04-23:05,평리동,보통,35.0,좋음,14.0,좋음,0.0128,좋음,0.0244,좋음,0.29,좋음,0.0018
2026-04-23 06:00:00,2026-04-23:06,평리동,보통,35.0,보통,22.0,좋음,0.0131,좋음,0.026,좋음,0.37,좋음,0.0017
2026-04-23 07:00:00,2026-04-23:07,평리동,,,,,좋음,0.0041,보통,0.0352,좋음,0.39,좋음,0.0023
2026-04-23 08:00:00,2026-04-23:08,평리동,보통,41.0,보통,16.0,좋음,0.0066,보통,0.0316,좋음,0.39,좋음,0.0022
2026-04-23 09:00:00,2026-04-23:09,평리동,보통,45.0,보통,19.0,좋음,0.0128,좋음,0.0276,좋음,0.37,좋음,0.0022
2026-04-23 10:00:00,2026-04-23:10,평리동,보통,59.0,보통,19.0,보통,0.0358,좋음,0.0188,좋음,0.35,좋음,0.0024
2026-04-23 11:00:00,2026-04-23:11,평리동,보통,55.0,보통,18.0,보통,0.0419,좋음,0.0157,좋음,0.34,좋음,0.0022
2026-04-23 12:00:00,2026-04-23:12,평리동,보통,72.0,좋음,14.0,보통,0.052,좋음,0.0117,좋음,0.29,좋음,0.0021
2026-04-23 13:00:00,2026-04-23:13,평리동,보통,66.0,좋음,11.0,보통,0.0558,좋음,0.0076,좋음,0.25,좋음,0.0019
2026-04-23 14:00:00,2026-04-23:14,평리동,보통,62.0,좋음,11.0,보통,0.0569,좋음,0.0073,좋음,0.23,좋음,0.0019
2026-04-23 15:00:00,2026-04-23:15,평리동,보통,50.0,좋음,13.0,보통,0.0559,좋음,0.0082,좋음,0.23,좋음,0.0019
2026-04-23 16:00:00,2026-04-23:16,평리동,보통,51.0,좋음,11.0,보통,0.0532,좋음,0.0095,좋음,0.24,좋음,0.0019
2026-04-23 17:00:00,2026-04-23:17,평리동,보통,45.0,좋음,10.0,보통,0.0505,좋음,0.0098,좋음,0.24,좋음,0.0018
2026-04-23 18:00:00,2026-04-23:18,평리동,보통,50.0,좋음,9.0,보통,0.0471,좋음,0.0115,좋음,0.25,좋음,0.0017
2026-04-23 19:00:00,2026-04-23:19,평리동,보통,44.0,좋음,12.0,보통,0.046,좋음,0.0109,좋음,0.25,좋음,0.0017
2026-04-23 20:00:00,2026-04-23:20,평리동,보통,42.0,좋음,7.0,보통,0.0445,좋음,0.0108,좋음,0.25,좋음,0.0017
2026-04-23 21:00:00,2026-04-23:21,평리동,보통,35.0,좋음,8.0,보통,0.0447,좋음,0.0087,좋음,0.24,좋음,0.0016
2026-04-23 22:00:00,2026-04-23:22,평리동,좋음,30.0,좋음,5.0,보통,0.0441,좋음,0.0088,좋음,0.23,좋음,0.0016
2026-04-23 23:00:00,2026-04-23:23,평리동,좋음,30.0,좋음,5.0,보통,0.0446,좋음,0.0079,좋음,0.22,좋음,0.0015
2026-04-24 00:00:00,2026-04-23:24,평리동,좋음,24.0,좋음,4.0,보통,0.0442,좋음,0.0075,좋음,0.22,좋음,0.0015
2026-04-24 01:00:00,2026-04-24:01,평리동,보통,31.0,좋음,3.0,보통,0.044,좋음,0.0072,좋음,0.21,좋음,0.0015
2026-04-24 02:00:00,2026-04-24:02,평리동,좋음,25.0,좋음,4.0,보통,0.0327,좋음,0.0125,좋음,0.25,좋음,0.0016
2026-04-24 03:00:00,2026-04-24:03,평리동,좋음,28.0,좋음,9.0,보통,0.0342,좋음,0.0099,좋음,0.25,좋음,0.0016
2026-04-24 04:00:00,2026-04-24:04,평리동,좋음,29.0,좋음,11.0,좋음,0.026,좋음,0.0142,좋음,0.28,좋음,0.0016
2026-04-24 05:00:00,2026-04-24:05,평리동,좋음,25.0,좋음,12.0,좋음,0.0245,좋음,0.0159,좋음,0.26,좋음,0.0016
2026-04-24 06:00:00,2026-04-24:06,평리동,보통,31.0,좋음,11.0,좋음,0.0092,보통,0.0303,좋음,0.31,좋음,0.0017
2026-04-24 07:00:00,2026-04-24:07,평리동,좋음,27.0,좋음,11.0,좋음,0.0157,좋음,0.0242,좋음,0.29,좋음,0.0016
2026-04-24 08:00:00,2026-04-24:08,평리동,보통,33.0,좋음,13.0,좋음,0.0143,좋음,0.0277,좋음,0.32,좋음,0.0017
2026-04-24 09:00:00,2026-04-24:09,평리동,보통,31.0,좋음,12.0,좋음,0.0227,좋음,0.0237,좋음,0.29,좋음,0.0018
2026-04-24 10:00:00,2026-04-24:10,평리동,좋음,24.0,좋음,8.0,보통,0.0357,좋음,0.015,좋음,0.25,좋음,0.0017
2026-04-24 11:00:00,2026-04-24:11,평리동,좋음,23.0,좋음,8.0,보통,0.041,좋음,0.0114,좋음,0.23,좋음,0.0016
2026-04-24 12:00:00,2026-04-24:12,평리동,좋음,29.0,좋음,5.0,보통,0.0456,좋음,0.0093,좋음,0.2,좋음,0.0016
2026-04-24 13:00:00,2026-04-24:13,평리동,좋음,24.0,좋음,5.0,보통,0.0479,좋음,0.0092,좋음,0.2,좋음,0.0016
2026-04-24 14:00:00,2026-04-24:14,평리동,좋음,22.0,좋음,5.0,보통,0.0496,좋음,0.0086,좋음,0.19,좋음,0.0015
2026-04-24 15:00:00,2026-04-24:15,평리동,좋음,22.0,좋음,5.0,보통,0.0488,좋음,0.0089,좋음,0.19,좋음,0.0015
2026-04-24 16:00:00,2026-04-24:16,평리동,좋음,19.0,좋음,1.0,보통,0.0484,좋음,0.0094,좋음,0.21,좋음,0.0016
2026-04-24 17:00:00,2026-04-24:17,평리동,좋음,18.0,좋음,1.0,보통,0.0476,좋음,0.0112,좋음,0.23,좋음,0.0017
2026-04-24 18:00:00,2026-04-24:18,평리동,좋음,22.0,좋음,6.0,보통,0.0473,좋음,0.0119,좋음,0.25,좋음,0.0017
2026-04-24 19:00:00,2026-04-24:19,평리동,좋음,25.0,좋음,5.0,보통,0.045,좋음,0.0128,좋음,0.27,좋음,0.0018
2026-04-24 20:00:00,2026-04-24:20,평리동,좋음,24.0,좋음,4.0,보통,0.043,좋음,0.0132,좋음,0.32,좋음,0.0022
2026-04-24 21:00:00,2026-04-24:21,평리동,좋음,19.0,좋음,5.0,보통,0.0437,좋음,0.011,좋음,0.38,좋음,0.0023
2026-04-24 22:00:00,2026-04-24:22,평리동,좋음,22.0,좋음,6.0,보통,0.0405,좋음,0.013,좋음,0.41,좋음,0.0024
2026-04-24 23:00:00,2026-04-24:23,평리동,좋음,25.0,좋음,6.0,보통,0.0408,좋음,0.0123,좋음,0.55,좋음,0.0035
2026-04-25 00:00:00,2026-04-24:24,평리동,좋음,25.0,좋음,10.0,보통,0.0357,좋음,0.0143,좋음,0.89,좋음,0.0049
2026-04-25 01:00:00,2026-04-25:01,평리동,좋음,30.0,보통,29.0,보통,0.0319,좋음,0.0156,좋음,0.94,좋음,0.0045
2026-04-25 02:00:00,2026-04-25:02,평리동,좋음,27.0,좋음,7.0,좋음,0.03,좋음,0.0159,좋음,0.72,좋음,0.0033
2026-04-25 03:00:00,2026-04-25:03,평리동,좋음,27.0,좋음,11.0,좋음,0.0265,좋음,0.0157,좋음,0.6,좋음,0.0023
2026-04-25 04:00:00,2026-04-25:04,평리동,보통,31.0,좋음,11.0,좋음,0.0234,좋음,0.0149,좋음,0.55,좋음,0.0019
2026-04-25 05:00:00,2026-04-25:05,평리동,좋음,30.0,좋음,15.0,좋음,0.0209,좋음,0.0157,좋음,0.51,좋음,0.0018
2026-04-25 06:00:00,2026-04-25:06,평리동,좋음,25.0,좋음,13.0,좋음,0.017,좋음,0.0186,좋음,0.51,좋음,0.0017
2026-04-25 07:00:00,2026-04-25:07,평리동,좋음,28.0,좋음,12.0,좋음,0.0133,좋음,0.0218,좋음,0.5,좋음,0.0017
2026-04-25 08:00:00,2026-04-25:08,평리동,좋음,30.0,좋음,14.0,좋음,0.0134,좋음,0.0243,좋음,0.5,좋음,0.0019
2026-04-25 09:00:00,2026-04-25:09,평리동,보통,36.0,보통,16.0,좋음,0.024,좋음,0.0176,좋음,0.49,좋음,0.0021
2026-04-25 10:00:00,2026-04-25:10,평리동,보통,31.0,좋음,15.0,좋음,0.03,좋음,0.018,좋음,0.5,좋음,0.0028
2026-04-25 11:00:00,2026-04-25:11,평리동,보통,33.0,좋음,13.0,보통,0.036,좋음,0.0195,좋음,0.45,좋음,0.0032
2026-04-25 12:00:00,2026-04-25:12,평리동,좋음,30.0,보통,16.0,보통,0.045,좋음,0.0156,좋음,0.39,좋음,0.002
2026-04-25 13:00:00,2026-04-25:13,평리동,좋음,30.0,좋음,13.0,보통,0.0502,좋음,0.0118,좋음,0.3,좋음,0.0019
2026-04-25 14:00:00,2026-04-25:14,평리동,좋음,23.0,좋음,10.0,보통,0.056,좋음,0.0095,좋음,0.26,좋음,0.0017
2026-04-25 15:00:00,2026-04-25:15,평리동,좋음,23.0,좋음,11.0,보통,0.0597,좋음,0.0089,좋음,0.24,좋음,0.0016
2026-04-25 16:00:00,2026-04-25:16,평리동,좋음,23.0,좋음,10.0,보통,0.0595,좋음,0.0083,좋음,0.23,좋음,0.0016
2026-04-25 17:00:00,2026-04-25:17,평리동,좋음,29.0,좋음,10.0,보통,0.0595,좋음,0.0096,좋음,0.24,좋음,0.0016
2026-04-25 18:00:00,2026-04-25:18,평리동,보통,36.0,좋음,11.0,보통,0.0606,좋음,0.0115,좋음,0.28,좋음,0.002
2026-04-25 19:00:00,2026-04-25:19,평리동,보통,33.0,좋음,9.0,보통,0.0554,좋음,0.0107,좋음,0.27,좋음,0.002
2026-04-25 20:00:00,2026-04-25:20,평리동,보통,31.0,좋음,14.0,보통,0.0526,좋음,0.0146,좋음,0.31,좋음,0.0019
2026-04-25 21:00:00,2026-04-25:21,평리동,보통,39.0,좋음,15.0,보통,0.0411,좋음,0.0192,좋음,0.35,좋음,0.0021
2026-04-25 22:00:00,2026-04-25:22,평리동,보통,44.0,보통,20.0,좋음,0.0224,보통,0.0306,좋음,0.41,좋음,0.0019
2026-04-25 23:00:00,2026-04-25:23,평리동,보통,41.0,보통,22.0,좋음,0.0254,좋음,0.0272,좋음,0.38,좋음,0.0019
2026-04-26 00:00:00,2026-04-25:24,평리동,보통,40.0,보통,20.0,좋음,0.0267,좋음,0.0223,좋음,0.36,좋음,0.0018
2026-04-26 01:00:00,2026-04-26:01,평리동,보통,36.0,보통,17.0,좋음,0.025,좋음,0.0203,좋음,0.36,좋음,0.0017
2026-04-26 02:00:00,2026-04-26:02,평리동,보통,38.0,보통,21.0,좋음,0.0254,좋음,0.0179,좋음,0.35,좋음,0.0017
2026-04-26 03:00:00,2026-04-26:03,평리동,보통,35.0,보통,17.0,좋음,0.0253,좋음,0.0159,좋음,0.32,좋음,0.0017
2026-04-26 04:00:00,2026-04-26:04,평리동,좋음,30.0,보통,19.0,좋음,0.0261,좋음,0.014,좋음,0.31,좋음,0.0017
2026-04-26 05:00:00,2026-04-26:05,평리동,보통,31.0,보통,17.0,좋음,0.023,좋음,0.0149,좋음,0.31,좋음,0.0016
2026-04-26 06:00:00,2026-04-26:06,평리동,좋음,29.0,보통,19.0,좋음,0.0211,좋음,0.0158,좋음,0.29,좋음,0.0016
2026-04-26 07:00:00,2026-04-26:07,평리동,좋음,27.0,보통,17.0,좋음,0.0199,좋음,0.0163,좋음,0.31,좋음,0.0017
2026-04-26 08:00:00,2026-04-26:08,평리동,좋음,29.0,좋음,14.0,좋음,0.0188,좋음,0.019,좋음,0.33,좋음,0.0019
2026-04-26 09:00:00,2026-04-26:09,평리동,보통,38.0,보통,17.0,좋음,0.0233,좋음,0.0191,좋음,0.33,좋음,0.002
2026-04-26 10:00:00,2026-04-26:10,평리동,보통,38.0,보통,30.0,보통,0.0302,좋음,0.0197,좋음,0.35,좋음,0.003
2026-04-26 11:00:00,2026-04-26:11,평리동,보통,35.0,보통,20.0,보통,0.0461,좋음,0.0151,좋음,0.34,좋음,0.0028
2026-04-26 12:00:00,2026-04-26:12,평리동,좋음,30.0,좋음,13.0,보통,0.0511,좋음,0.0115,좋음,0.29,좋음,0.0026
2026-04-26 13:00:00,2026-04-26:13,평리동,좋음,30.0,좋음,11.0,보통,0.0508,좋음,0.009,좋음,0.25,좋음,0.0021
2026-04-26 14:00:00,2026-04-26:14,평리동,좋음,22.0,좋음,7.0,보통,0.0482,좋음,0.0078,좋음,0.21,좋음,0.0017
2026-04-26 15:00:00,2026-04-26:15,평리동,좋음,20.0,좋음,6.0,보통,0.0481,좋음,0.0072,좋음,0.2,좋음,0.0016
2026-04-26 16:00:00,2026-04-26:16,평리동,좋음,30.0,좋음,8.0,보통,0.0474,좋음,0.0077,좋음,0.22,좋음,0.0017
2026-04-26 17:00:00,2026-04-26:17,평리동,좋음,24.0,좋음,13.0,보통,0.0463,좋음,0.0095,좋음,0.21,좋음,0.0017
2026-04-26 18:00:00,2026-04-26:18,평리동,좋음,29.0,좋음,11.0,보통,0.0471,좋음,0.0086,좋음,0.23,좋음,0.0018
2026-04-26 19:00:00,2026-04-26:19,평리동,좋음,28.0,좋음,12.0,보통,0.0451,좋음,0.0098,좋음,0.25,좋음,0.0018
2026-04-26 20:00:00,2026-04-26:20,평리동,보통,36.0,좋음,9.0,보통,0.0352,좋음,0.0157,좋음,0.27,좋음,0.0018
2026-04-26 21:00:00,2026-04-26:21,평리동,좋음,30.0,좋음,12.0,보통,0.0359,좋음,0.0151,좋음,0.3,좋음,0.002
2026-04-26 22:00:00,2026-04-26:22,평리동,보통,38.0,보통,16.0,보통,0.0308,좋음,0.0188,좋음,0.34,좋음,0.0022
2026-04-26 23:00:00,2026-04-26:23,평리동,보통,45.0,좋음,15.0,좋음,0.0299,좋음,0.0193,좋음,0.34,좋음,0.002
2026-04-27 00:00:00,2026-04-26:24,평리동,보통,41.0,보통,19.0,보통,0.0349,좋음,0.0162,좋음,0.3,좋음,0.0018
2026-04-27 01:00:00,2026-04-27:01,평리동,보통,46.0,보통,22.0,보통,0.0315,좋음,0.0163,좋음,0.3,좋음,0.0018
2026-04-27 02:00:00,2026-04-27:02,평리동,보통,38.0,보통,19.0,좋음,0.0281,좋음,0.0184,좋음,0.31,좋음,0.0022
2026-04-27 03:00:00,2026-04-27:03,평리동,보통,38.0,보통,18.0,좋음,0.028,좋음,0.0159,좋음,0.31,좋음,0.0019
2026-04-27 04:00:00,2026-04-27:04,평리동,보통,38.0,보통,20.0,좋음,0.0273,좋음,0.0182,좋음,0.3,좋음,0.0018
2026-04-27 05:00:00,2026-04-27:05,평리동,보통,44.0,보통,19.0,좋음,0.0182,좋음,0.0275,좋음,0.28,좋음,0.0018
2026-04-27 06:00:00,2026-04-27:06,평리동,보통,38.0,보통,18.0,좋음,0.0155,좋음,0.0298,좋음,0.3,좋음,0.0017
2026-04-27 07:00:00,2026-04-27:07,평리동,보통,55.0,보통,20.0,좋음,0.0063,보통,0.0426,좋음,0.42,좋음,0.002
2026-04-27 08:00:00,2026-04-27:08,평리동,보통,53.0,보통,22.0,좋음,0.0092,보통,0.0468,좋음,0.69,좋음,0.0024
2026-04-27 09:00:00,2026-04-27:09,평리동,보통,50.0,보통,20.0,보통,0.0314,보통,0.0317,좋음,0.39,좋음,0.003
2026-04-27 10:00:00,2026-04-27:10,평리동,보통,41.0,좋음,10.0,보통,0.0487,좋음,0.0185,좋음,0.31,좋음,0.0046
2026-04-27 11:00:00,2026-04-27:11,평리동,,,,,,,,,,,,
2026-04-27 12:00:00,2026-04-27:12,평리동,,,,,,,,,,,,
2026-04-27 13:00:00,2026-04-27:13,평리동,보통,41.0,좋음,9.0,보통,0.0611,좋음,0.0141,좋음,0.28,좋음,0.002
2026-04-27 14:00:00,2026-04-27:14,평리동,보통,39.0,좋음,11.0,보통,0.0636,좋음,0.0124,좋음,0.27,좋음,0.0019
2026-04-27 15:00:00,2026-04-27:15,평리동,보통,39.0,좋음,14.0,보통,0.0624,좋음,0.0119,좋음,0.26,좋음,0.0019
2026-04-27 16:00:00,2026-04-27:16,평리동,보통,39.0,좋음,14.0,보통,0.0574,좋음,0.0101,좋음,0.23,좋음,0.0017
2026-04-27 17:00:00,2026-04-27:17,평리동,보통,39.0,좋음,15.0,보통,0.0562,좋음,0.0105,좋음,0.24,좋음,0.0017
2026-04-27 18:00:00,2026-04-27:18,평리동,보통,48.0,좋음,11.0,보통,0.0584,좋음,0.0117,좋음,0.27,좋음,0.0018
2026-04-27 19:00:00,2026-04-27:19,평리동,보통,47.0,보통,17.0,보통,0.0578,좋음,0.0127,좋음,0.33,좋음,0.0023
2026-04-27 20:00:00,2026-04-27:20,평리동,보통,44.0,보통,19.0,보통,0.0545,좋음,0.0126,좋음,0.31,좋음,0.0022
2026-04-27 21:00:00,2026-04-27:21,평리동,보통,36.0,보통,16.0,보통,0.0497,좋음,0.0113,좋음,0.31,좋음,0.0021
2026-04-27 22:00:00,2026-04-27:22,평리동,보통,42.0,좋음,15.0,보통,0.0419,좋음,0.0136,좋음,0.41,좋음,0.0025
2026-04-27 23:00:00,2026-04-27:23,평리동,보통,40.0,보통,17.0,보통,0.0393,좋음,0.0125,좋음,0.43,좋음,0.0024
2026-04-28 00:00:00,2026-04-27:24,평리동,보통,36.0,보통,17.0,보통,0.0371,좋음,0.0127,좋음,0.41,좋음,0.0023
2026-04-28 01:00:00,2026-04-28:01,평리동,보통,36.0,보통,21.0,보통,0.0363,좋음,0.0118,좋음,0.4,좋음,0.0021
2026-04-28 02:00:00,2026-04-28:02,평리동,보통,35.0,좋음,11.0,보통,0.0314,좋음,0.0123,좋음,0.4,좋음,0.0019
2026-04-28 03:00:00,2026-04-28:03,평리동,보통,39.0,보통,19.0,좋음,0.0232,좋음,0.0155,좋음,0.42,좋음,0.0019
2026-04-28 04:00:00,2026-04-28:04,평리동,보통,52.0,보통,32.0,좋음,0.0184,좋음,0.0179,좋음,0.42,좋음,0.002
2026-04-28 05:00:00,2026-04-28:05,평리동,보통,52.0,보통,27.0,좋음,0.0175,좋음,0.0193,좋음,0.42,좋음,0.0021
2026-04-28 06:00:00,2026-04-28:06,평리동,보통,35.0,보통,24.0,좋음,0.0208,좋음,0.0224,좋음,0.35,좋음,0.0021
2026-04-28 07:00:00,2026-04-28:07,평리동,보통,45.0,보통,16.0,보통,0.0322,좋음,0.0216,좋음,0.3,좋음,0.0024
2026-04-28 08:00:00,2026-04-28:08,평리동,보통,39.0,좋음,14.0,보통,0.0401,좋음,0.0194,좋음,0.32,좋음,0.0021
2026-04-28 09:00:00,2026-04-28:09,평리동,보통,51.0,보통,21.0,보통,0.043,좋음,0.0173,좋음,0.33,좋음,0.0023
2026-04-28 10:00:00,2026-04-28:10,평리동,보통,55.0,보통,23.0,보통,0.0501,좋음,0.0136,좋음,0.32,좋음,0.0021
2026-04-28 11:00:00,2026-04-28:11,평리동,보통,56.0,보통,24.0,보통,0.0538,좋음,0.0114,좋음,0.32,좋음,0.0019
2026-04-28 12:00:00,2026-04-28:12,평리동,보통,57.0,보통,24.0,보통,0.054,좋음,0.0118,좋음,0.33,좋음,0.0018
2026-04-28 13:00:00,2026-04-28:13,평리동,보통,52.0,보통,19.0,보통,0.0539,좋음,0.0103,좋음,0.31,좋음,0.0018
2026-04-28 14:00:00,2026-04-28:14,평리동,보통,53.0,좋음,7.0,보통,0.0493,좋음,0.0101,좋음,0.26,좋음,0.002
2026-04-28 15:00:00,2026-04-28:15,평리동,보통,36.0,좋음,6.0,보통,0.0483,좋음,0.01,좋음,0.25,좋음,0.0017
2026-04-28 16:00:00,2026-04-28:16,평리동,보통,31.0,좋음,5.0,보통,0.0483,좋음,0.0091,좋음,0.24,좋음,0.0015
2026-04-28 17:00:00,2026-04-28:17,평리동,보통,31.0,좋음,4.0,보통,0.0459,좋음,0.01,좋음,0.23,좋음,0.0015
2026-04-28 18:00:00,2026-04-28:18,평리동,좋음,28.0,좋음,5.0,보통,0.0442,좋음,0.0114,좋음,0.25,좋음,0.0015
2026-04-28 19:00:00,2026-04-28:19,평리동,보통,34.0,좋음,6.0,보통,0.0415,좋음,0.0133,좋음,0.26,좋음,0.0016
2026-04-28 20:00:00,2026-04-28:20,평리동,좋음,27.0,좋음,10.0,보통,0.0431,좋음,0.0122,좋음,0.25,좋음,0.0015
2026-04-28 21:00:00,2026-04-28:21,평리동,좋음,28.0,좋음,8.0,보통,0.0437,좋음,0.0112,좋음,0.25,좋음,0.0015
2026-04-28 22:00:00,2026-04-28:22,평리동,좋음,23.0,좋음,6.0,보통,0.0392,좋음,0.0141,좋음,0.24,좋음,0.0016
2026-04-28 23:00:00,2026-04-28:23,평리동,좋음,23.0,좋음,5.0,보통,0.0416,좋음,0.0091,좋음,0.23,좋음,0.0015
2026-04-29 00:00:00,2026-04-28:24,평리동,좋음,20.0,좋음,6.0,보통,0.0414,좋음,0.0084,좋음,0.22,좋음,0.0015
2026-04-29 01:00:00,2026-04-29:01,평리동,좋음,20.0,좋음,7.0,보통,0.04,좋음,0.0089,좋음,0.23,좋음,0.0017
2026-04-29 02:00:00,2026-04-29:02,평리동,좋음,20.0,좋음,7.0,보통,0.0409,좋음,0.0079,좋음,0.23,좋음,0.0017
2026-04-29 03:00:00,2026-04-29:03,평리동,좋음,18.0,좋음,7.0,보통,0.0399,좋음,0.009,좋음,0.25,좋음,0.0017
2026-04-29 04:00:00,2026-04-29:04,평리동,좋음,24.0,좋음,8.0,보통,0.0416,좋음,0.0081,좋음,0.27,좋음,0.0017
2026-04-29 05:00:00,2026-04-29:05,평리동,좋음,22.0,좋음,9.0,보통,0.041,좋음,0.0089,좋음,0.29,좋음,0.0017
2026-04-29 06:00:00,2026-04-29:06,평리동,좋음,29.0,좋음,12.0,보통,0.0303,좋음,0.018,좋음,0.31,좋음,0.0019
2026-04-29 07:00:00,2026-04-29:07,평리동,보통,36.0,좋음,14.0,좋음,0.0187,보통,0.0304,좋음,0.33,좋음,0.002
2026-04-29 08:00:00,2026-04-29:08,평리동,좋음,30.0,좋음,14.0,좋음,0.0292,좋음,0.0221,좋음,0.35,좋음,0.0022
2026-04-29 09:00:00,2026-04-29:09,평리동,보통,33.0,보통,17.0,보통,0.035,좋음,0.0154,좋음,0.34,좋음,0.0024
2026-04-29 10:00:00,2026-04-29:10,평리동,보통,31.0,좋음,15.0,보통,0.0347,좋음,0.0145,좋음,0.32,좋음,0.0039
2026-04-29 11:00:00,2026-04-29:11,평리동,좋음,28.0,좋음,11.0,보통,0.0386,좋음,0.0119,좋음,0.29,좋음,0.0026
2026-04-29 12:00:00,2026-04-29:12,평리동,좋음,24.0,좋음,10.0,보통,0.0408,좋음,0.0111,좋음,0.28,좋음,0.0022
2026-04-29 13:00:00,2026-04-29:13,평리동,좋음,28.0,좋음,10.0,보통,0.044,좋음,0.0105,좋음,0.28,좋음,0.0023
2026-04-29 14:00:00,2026-04-29:14,평리동,좋음,24.0,좋음,6.0,보통,0.0461,좋음,0.0113,좋음,0.28,좋음,0.0026
2026-04-29 15:00:00,2026-04-29:15,평리동,좋음,30.0,좋음,11.0,보통,0.0496,좋음,0.0125,좋음,0.29,좋음,0.002
2026-04-29 16:00:00,2026-04-29:16,평리동,좋음,23.0,좋음,8.0,보통,0.0511,좋음,0.012,좋음,0.28,좋음,0.0019
2026-04-29 17:00:00,2026-04-29:17,평리동,좋음,29.0,좋음,15.0,보통,0.0511,좋음,0.014,좋음,0.3,좋음,0.0027
2026-04-29 18:00:00,2026-04-29:18,평리동,좋음,29.0,좋음,12.0,보통,0.0533,좋음,0.0124,좋음,0.29,좋음,0.002
2026-04-29 19:00:00,2026-04-29:19,평리동,좋음,27.0,좋음,11.0,보통,0.0456,좋음,0.0166,좋음,0.31,좋음,0.0017
2026-04-29 20:00:00,2026-04-29:20,평리동,보통,33.0,좋음,15.0,보통,0.041,좋음,0.0124,좋음,0.35,좋음,0.0019
2026-04-29 21:00:00,2026-04-29:21,평리동,좋음,29.0,좋음,12.0,보통,0.0381,좋음,0.013,좋음,0.38,좋음,0.002
2026-04-29 22:00:00,2026-04-29:22,평리동,보통,31.0,좋음,11.0,보통,0.0374,좋음,0.0125,좋음,0.39,좋음,0.0019
2026-04-29 23:00:00,2026-04-29:23,평리동,좋음,24.0,좋음,11.0,보통,0.0362,좋음,0.0131,좋음,0.37,좋음,0.0018
2026-04-30 00:00:00,2026-04-29:24,평리동,좋음,24.0,좋음,11.0,보통,0.0352,좋음,0.012,좋음,0.35,좋음,0.0017
2026-04-30 01:00:00,2026-04-30:01,평리동,좋음,27.0,좋음,14.0,보통,0.034,좋음,0.0115,좋음,0.34,좋음,0.0015
2026-04-30 02:00:00,2026-04-30:02,평리동,좋음,24.0,좋음,15.0,좋음,0.03,좋음,0.0126,좋음,0.35,좋음,0.0016
2026-04-30 03:00:00,2026-04-30:03,평리동,보통,33.0,좋음,14.0,좋음,0.0238,좋음,0.0156,좋음,0.36,좋음,0.0016
2026-04-30 04:00:00,2026-04-30:04,평리동,좋음,28.0,보통,17.0,좋음,0.0218,좋음,0.0149,좋음,0.37,좋음,0.0016
2026-04-30 05:00:00,2026-04-30:05,평리동,보통,34.0,보통,24.0,좋음,0.0181,좋음,0.0172,좋음,0.37,좋음,0.0018
2026-04-30 06:00:00,2026-04-30:06,평리동,보통,36.0,보통,23.0,좋음,0.0156,좋음,0.0187,좋음,0.36,좋음,0.0017
2026-04-30 07:00:00,2026-04-30:07,평리동,보통,34.0,좋음,15.0,좋음,0.0116,좋음,0.0223,좋음,0.38,좋음,0.0016
2026-04-30 08:00:00,2026-04-30:08,평리동,보통,38.0,보통,22.0,좋음,0.0074,좋음,0.028,좋음,0.4,좋음,0.0017
2026-04-30 09:00:00,2026-04-30:09,평리동,보통,39.0,보통,23.0,좋음,0.012,좋음,0.0267,좋음,0.42,좋음,0.0018
2026-04-30 10:00:00,2026-04-30:10,평리동,보통,45.0,보통,27.0,좋음,0.0245,좋음,0.0223,좋음,0.4,좋음,0.0028
2026-04-30 11:00:00,2026-04-30:11,평리동,보통,39.0,보통,31.0,보통,0.0336,좋음,0.0224,좋음,0.38,좋음,0.0026
2026-04-30 12:00:00,2026-04-30:12,평리동,보통,34.0,보통,21.0,보통,0.0464,좋음,0.0151,좋음,0.33,좋음,0.0021
2026-04-30 13:00:00,2026-04-30:13,평리동,보통,35.0,,,보통,0.0524,좋음,0.0123,좋음,0.31,좋음,0.0018
2026-04-30 14:00:00,2026-04-30:14,평리동,보통,34.0,보통,16.0,보통,0.0555,좋음,0.0109,좋음,0.31,좋음,0.0017
2026-04-30 15:00:00,2026-04-30:15,평리동,좋음,30.0,보통,17.0,보통,0.0529,좋음,0.0124,좋음,0.31,좋음,0.0017
2026-04-30 16:00:00,2026-04-30:16,평리동,보통,35.0,좋음,13.0,보통,0.0507,좋음,0.0133,좋음,0.33,좋음,0.0018
2026-04-30 17:00:00,2026-04-30:17,평리동,좋음,25.0,좋음,11.0,보통,0.0482,좋음,0.0125,좋음,0.37,좋음,0.0021
2026-04-30 18:00:00,2026-04-30:18,평리동,좋음,29.0,좋음,7.0,보통,0.0451,좋음,0.0131,좋음,0.33,좋음,0.0018
2026-04-30 19:00:00,2026-04-30:19,평리동,좋음,23.0,좋음,4.0,보통,0.0429,좋음,0.0144,좋음,0.35,좋음,0.0018
2026-04-30 20:00:00,2026-04-30:20,평리동,좋음,18.0,좋음,7.0,보통,0.0428,좋음,0.0137,좋음,0.34,좋음,0.002
2026-04-30 21:00:00,2026-04-30:21,평리동,좋음,24.0,좋음,8.0,보통,0.0406,좋음,0.0134,좋음,0.4,좋음,0.002
2026-04-30 22:00:00,2026-04-30:22,평리동,좋음,23.0,좋음,8.0,보통,0.0404,좋음,0.0125,좋음,0.44,좋음,0.0022
2026-04-30 23:00:00,2026-04-30:23,평리동,좋음,24.0,좋음,11.0,보통,0.0396,좋음,0.0119,좋음,0.49,좋음,0.0025
